id,first_name,last_name,Address,City,State,Zip,SSN,Birthdate
1,Stephani,Boone,79 Montana Plaza,Oklahoma City,OK,73119,142-74-7590,1984-09-01
3,Peggie,Gittus,8 Drewry Junction,Virginia Beach,VA,23454,125-07-9900,1985-02-15
5,Nelle,Paull,12 Rowland Street,Norcross,GA,30092,275-11-5660,1987-01-03
7,Barclay,Elston,620 Carioca Road,Mobile,AL,36600,400-91-3932,1990-11-21
9,Breanne,Menier,94 Buhler Alley,Omaha,NE,68114,707-01-5232,1997-04-14
11,Lauri,Geist,48116 Huxley Place,Wichita,KS,67111,465-16-2074,2000-02-11
13,Abigael,Celier,19 Hoffman Crossing,Galveston,TX,77554,234-48-3548,1990-09-24
15,Alain,Ronchi,9 Claremont Hill,Lexington,KY,40500,461-10-6775,1993-08-11
17,Townie,Knibbs,158 Ryan Street,Newport News,VA,23605,669-55-4393,1980-10-15
19,Fernando,Filov,03 Maywood Crossing,Washington,DC,20260,716-99-9938,1991-01-27
21,Jodie,Goodreid,98856 Haas Way,Springfield,VA,22156,159-73-3765,1987-04-03
23,Abagail,Muris,2966 Sutteridge Avenue,Salt Lake City,UT,84170,424-96-9894,1986-09-10
25,Shepard,Stutte,76284 Talisman Avenue,Lexington,KY,40581,240-01-5518,1991-04-28
27,Casey,Brydone,6 Swallow Junction,Baltimore,MD,21282,463-74-1443,1997-01-01
29,Stella,Wight,5 Beilfuss Lane,Pittsburgh,PA,15205,709-81-3653,1986-07-02
31,Edward,Halford,5707 Elgar Drive,Cape Coral,FL,33915,787-07-9774,1993-03-20
33,Valene,Allanby,155 Rowland Hill,Lake Charles,LA,70616,784-13-6783,1981-08-03
35,Zoi,Epinay,46 Schmedeman Hill,Nashville,TN,37205,633-14-1694,1997-04-30
37,Annadiana,Redington,9 American Ash Lane,Birmingham,AL,35295,254-65-5706,1984-07-25
39,Clem,McGrane,49988 Johnson Avenue,Indianapolis,IN,46278,215-40-2743,1986-06-18
41,Cosimo,Hember,29 Schurz Alley,Milwaukee,WI,53234,798-01-2722,1999-05-11
43,Amelie,Kilsby,486 Division Drive,Milwaukee,WI,53277,245-79-8408,1983-04-18
45,Carlyle,Wagnerin,5 Graceland Hill,Gainesville,FL,32605,417-54-3286,2000-03-22
47,Rhoda,Wedgbrow,42 Jana Pass,Greensboro,NC,27455,152-80-9148,1986-09-18
49,Suzette,Pindell,98 7th Point,Columbia,SC,29225,419-92-1941,1999-05-02
51,Laetitia,Patek,61 Surrey Pass,Naples,FL,34102,132-53-6208,1998-08-01
53,Blondell,Kittley,38009 Arizona Parkway,Tulsa,OK,74116,352-41-7905,1983-07-20
55,Michail,Snowman,01 Morning Road,Midland,TX,79710,547-13-3304,1994-12-08
57,Sherwynd,Levene,05 Namekagon Hill,Texarkana,TX,75507,217-92-7825,1983-02-22
59,Roddie,Zupo,95789 Londonderry Road,Sandy,UT,84093,754-54-3463,1991-09-17
61,Klarika,Geard,31159 New Castle Avenue,Albany,NY,12247,680-78-0426,1995-11-09
63,Gwennie,Coultish,94958 Toban Point,Monticello,MN,55585,829-72-0364,1983-09-18
65,Hansiain,Snazel,9 Valley Edge Trail,Newport News,VA,23612,760-68-2542,1997-02-01
67,Tommy,Goldsby,3 Dahle Pass,Austin,TX,78783,306-39-5597,1985-05-16
69,Britta,Salman,36 6th Point,Huntsville,AL,35810,224-98-6220,1982-07-30
71,Hewett,Rojahn,941 Paget Alley,Pompano Beach,FL,33064,270-14-1361,1985-11-24
73,Elayne,Benkhe,3503 Crest Line Center,Tampa,FL,33625,795-69-6846,1983-03-18
75,Fidelity,Radbourn,599 Village Green Avenue,Pensacola,FL,32505,109-39-2598,1988-12-12
77,John,MacAscaidh,59045 Annamark Circle,San Diego,CA,92186,386-94-5313,1996-11-13
79,Eugenius,Cristoforetti,77 Bobwhite Crossing,Fairfield,CT,06825,226-94-1526,1989-02-04
81,Bing,Bartles,3489 Burning Wood Hill,Fort Worth,TX,76121,760-04-1398,1989-11-04
83,Scarlet,Sharrem,90 Sundown Avenue,Mobile,AL,36670,151-09-6876,1992-04-03
85,Nicolai,Klimschak,63 Stuart Street,Arlington,VA,22244,357-40-6317,1983-10-01
87,Wynny,Blose,9 Florence Place,Honolulu,HI,96835,192-11-1777,1985-05-01
89,Truman,Bercher,405 Springs Street,Hayward,CA,94544,277-52-7806,1990-05-27
91,Gibb,Tuxwell,95 Bunting Parkway,Beaverton,OR,97075,581-82-9539,1991-12-03
93,Glynis,Della,64237 Comanche Lane,Paterson,NJ,07505,504-75-5395,1984-11-25
95,Devinne,Hug,4541 Division Parkway,Los Angeles,CA,90025,221-65-3424,1997-06-06
97,Cosetta,Olivazzi,78 Morrow Junction,Fresno,CA,93721,332-91-0250,1996-08-29
99,Bertram,Kornilov,63 Debra Avenue,Washington,DC,20057,191-49-1878,1982-02-01
101,Aigneis,Death,2153 Pierstorff Road,Shreveport,LA,71105,531-56-7651,1990-08-12
103,Gustavo,Quilleash,836 Granby Crossing,New York City,NY,10203,669-12-5836,1995-12-30
105,Jan,Merfin,4671 Summerview Alley,Harrisburg,PA,17140,732-06-5936,1988-09-02
107,Chip,Kilshall,7 Dryden Place,Norfolk,VA,23551,257-28-8771,1991-04-26
109,Dexter,Sandiland,56003 Bartelt Place,Warren,MI,48092,142-66-7499,1998-10-04
111,Cristabel,McVitty,7018 Maywood Court,Albuquerque,NM,87180,634-43-2558,1990-08-16
113,Archaimbaud,Borwick,670 Sullivan Point,Tampa,FL,33694,209-20-9862,1990-04-25
115,Mollee,Sleicht,771 Sloan Plaza,Johnson City,TN,37605,221-45-0922,1984-02-21
117,Gerty,Hugill,9254 Talmadge Street,Tulsa,OK,74141,607-73-4819,1993-05-23
119,Malissia,Moller,10432 Calypso Trail,Baton Rouge,LA,70805,667-13-0814,1984-03-12
121,Justen,Speirs,89484 Maple Wood Road,Houston,TX,77276,627-47-2724,1995-01-25
123,Donn,Piddlesden,06 Barnett Trail,Seattle,WA,98166,545-62-5555,1990-06-30
125,Connya,Mathew,47 Clyde Gallagher Terrace,Saint Louis,MO,63116,795-46-1679,1982-09-02
127,Mal,Yaneev,8138 Shasta Way,Orlando,FL,32813,115-39-4733,1987-12-27
129,Helaine,Caldayrou,04 Barby Center,Alpharetta,GA,30022,775-46-9034,1987-03-19
131,Maxim,Apple,216 Rockefeller Avenue,Chicago,IL,60609,788-08-7915,1987-08-15
133,Aubert,Basillon,1 Hoepker Plaza,Norfolk,VA,23514,890-40-3062,1996-08-06
135,Carly,Racine,88 Bunting Alley,Washington,DC,20575,103-50-7722,1985-06-13
137,Marlyn,Dumphry,60 Vernon Park,Arvada,CO,80005,424-80-3990,1998-06-29
139,Alyosha,Causton,20321 West Trail,Boston,MA,02203,501-18-1161,1986-12-14
141,Timmie,Faircley,04 Duke Drive,Springfield,VA,22156,372-94-4388,1982-02-02
143,Loise,Raphael,46104 Tennessee Pass,Saint Paul,MN,55146,585-31-4743,1987-05-25
145,Clementia,Pacht,0 Derek Lane,Duluth,GA,30096,790-08-7268,1988-12-02
147,Tammie,Cozins,3297 Delladonna Plaza,Lake Worth,FL,33462,186-02-2479,1996-09-04
149,Ab,Truitt,339 Kensington Center,Wilmington,DE,19886,546-93-9944,1985-07-21
151,Arthur,Dable,44 Jackson Street,Rochester,NY,14619,446-43-3028,1982-10-18
153,Onfre,Brosio,845 Melrose Place,Pensacola,FL,32575,832-82-8259,1985-12-04
155,Scottie,Catton,0484 Anderson Hill,Indianapolis,IN,46226,401-53-8714,1985-08-04
157,Mersey,Kiffe,709 Donald Lane,Minneapolis,MN,55407,656-44-9683,1981-07-08
159,Eberto,Dalzell,897 Laurel Street,Pittsburgh,PA,15286,298-86-4072,1995-02-12
161,Conn,Possell,3280 Holmberg Hill,Richmond,VA,23228,687-18-0393,1996-12-31
163,Amerigo,Couth,86968 Green Junction,San Jose,CA,95113,822-45-7883,1987-07-26
165,Karisa,Kissick,57 Village Circle,Memphis,TN,38150,886-42-8636,1997-09-04
167,Alis,Heis,620 Gale Terrace,White Plains,NY,10606,303-89-8575,1996-11-09
169,Fayth,Whitemarsh,0608 Declaration Circle,Portsmouth,NH,03804,349-67-0042,1998-07-27
171,Kettie,Winters,20703 Utah Street,Dallas,TX,75397,353-72-6299,1987-01-21
173,Noami,Cristobal,8 Express Street,Reston,VA,22096,185-92-8425,1987-07-22
175,Seth,Pedrol,7272 Dorton Park,Peoria,IL,61656,328-18-5170,1985-12-31
177,Taite,Blum,5 Hudson Place,Santa Barbara,CA,93111,499-96-5165,1994-01-11
179,Camala,Clench,6 Cherokee Parkway,Corpus Christi,TX,78426,499-51-0476,1998-08-06
181,Orion,Lowcock,02833 Tennyson Drive,Carol Stream,IL,60351,202-35-2951,1981-02-06
183,Tye,Lanmeid,95 Hauk Crossing,New Haven,CT,06538,218-74-4220,1990-03-07
185,Hettie,Bloxham,67 Evergreen Point,Naples,FL,34114,686-99-3103,1987-07-14
187,Sherline,McKibbin,733 Dottie Street,Dayton,OH,45403,225-58-6308,1996-08-24
189,Abbye,Baileey,97 Carioca Point,El Paso,TX,79923,105-70-9297,1986-03-31
191,Bea,Abramin,85 Vera Lane,Philadelphia,PA,19184,672-46-4705,1989-12-08
193,Tod,Crinson,089 Redwing Plaza,Everett,WA,98206,446-41-0251,1995-01-03
195,Corny,Wye,451 Westend Plaza,Cleveland,OH,44105,749-14-5872,1987-06-28
197,Cristin,Goad,5967 Almo Circle,Las Vegas,NV,89120,420-27-3211,1992-08-12
199,Estel,Mohring,14 Prentice Street,East Saint Louis,IL,62205,132-76-1984,1988-06-17
201,Albertine,Bidgod,167 Sutherland Parkway,Honolulu,HI,96840,177-91-1979,1999-08-19
203,Con,Featherby,44160 Loeprich Hill,Harrisburg,PA,17140,575-39-0491,1999-08-26
205,Toby,Mabbutt,99701 Claremont Way,Peoria,IL,61635,525-11-5324,1999-06-25
207,Beau,Luckman,2600 Jay Court,Topeka,KS,66611,217-27-5714,1990-12-10
209,Harwilll,Spillman,418 Brentwood Terrace,Whittier,CA,90605,886-08-3278,1998-03-06
211,Noni,Kelsow,76882 Sauthoff Drive,Memphis,TN,38168,354-13-9928,1988-08-08
213,Tulley,Dorrins,5 Bayside Lane,Houston,TX,77045,739-13-9549,1998-09-05
215,Holden,Sands,92 Jay Way,Houston,TX,77228,443-40-1078,1984-08-13
217,Phillipp,Perrott,2 Continental Point,Baltimore,MD,21281,643-07-4232,1998-09-22
219,Farleigh,Floodgate,95883 Shasta Plaza,Saint Louis,MO,63196,556-55-4464,1991-06-28
221,Crichton,Calvard,6 Lukken Park,Tampa,FL,33605,471-77-4286,1989-12-14
223,Granger,McQuillin,59313 Waywood Center,Phoenix,AZ,85053,631-37-6808,1986-06-09
225,Fara,Fussey,61 Loeprich Avenue,Orlando,FL,32808,671-62-6518,1983-09-18
227,Juan,Sandyford,7 Del Sol Pass,Oklahoma City,OK,73173,703-16-5041,1998-03-22
229,Cleavland,Fletcher,60461 Thackeray Circle,Sacramento,CA,95865,168-56-3899,1980-11-08
231,Brewer,Avramow,749 Chive Trail,New York City,NY,10004,522-60-3642,1995-05-06
233,Karissa,McGeechan,0 Hollow Ridge Junction,Levittown,PA,19058,761-58-0998,1980-12-08
235,Eugen,Sellers,8 Bobwhite Alley,Baton Rouge,LA,70826,803-13-0712,1989-09-17
237,Merola,Nudde,18 Straubel Terrace,Huntsville,AL,35895,633-94-9266,1993-08-21
239,Josselyn,Tanti,598 Grim Crossing,Lansing,MI,48930,449-59-9242,2000-06-21
241,Shayna,Lailey,52 Arizona Road,Wichita,KS,67205,635-59-1789,1988-12-29
243,Cecile,Swalowe,7315 Basil Court,Anderson,IN,46015,538-43-1264,1992-11-08
245,Caroljean,Greenstead,43 John Wall Parkway,Jackson,TN,38308,673-73-2571,1980-07-30
247,Pieter,Streetley,6 Huxley Lane,Sacramento,CA,94230,704-16-1530,1998-08-16
249,Loren,Bagott,4 Stuart Junction,San Diego,CA,92132,889-84-9509,1987-02-26
251,Price,Lodwick,76 Summerview Lane,Columbus,MS,39705,498-15-1969,1993-02-25
253,Jamima,Calam,42 Eggendart Pass,Fort Worth,TX,76178,409-50-7419,1998-11-29
255,Lucienne,Creswell,04623 Moulton Alley,New Orleans,LA,70154,484-15-1534,1997-01-23
257,Clemmy,Tumelty,61 American Ash Street,Minneapolis,MN,55448,835-66-8837,1983-05-26
259,Artur,Jesteco,55392 8th Parkway,Lubbock,TX,79415,326-85-9727,1993-09-22
261,Leora,Coils,03608 Stang Alley,Shawnee Mission,KS,66210,477-80-8410,1984-09-16
263,Beatriz,Eicheler,713 Kingsford Place,Richmond,VA,23293,876-83-4459,1989-10-22
265,Pierette,Georgievski,7648 Surrey Park,Little Rock,AR,72231,689-76-7249,1997-06-25
267,Derwin,Beetlestone,12 Redwing Hill,Yonkers,NY,10705,492-53-9188,1983-03-31
269,Zora,Weetch,4620 Eggendart Place,Philadelphia,PA,19141,163-09-9619,1988-03-16
271,Vergil,Ingarfield,926 Walton Place,Clearwater,FL,33763,159-11-9913,1995-05-01
273,Juanita,Tutet,48 Westport Road,Los Angeles,CA,90015,797-89-4773,1983-12-15
275,Sioux,Hallibone,066 Independence Trail,Pasadena,CA,91186,536-74-9485,1996-07-29
277,Byrann,Linton,4 Golden Leaf Trail,Miami,FL,33245,808-48-9270,1999-03-23
279,Wang,Everwin,146 Mcguire Crossing,Fort Smith,AR,72916,751-82-5039,1997-09-15
281,Lu,Wand,39830 Grasskamp Pass,Brooklyn,NY,11247,665-21-6223,1998-04-07
283,Dilly,Pickance,4 Oneill Park,Elmira,NY,14905,626-21-6165,1992-12-14
285,Lanny,Dmitrievski,9739 Eastlawn Terrace,Milwaukee,WI,53234,121-02-6092,1980-07-26
287,Kristos,Edwardson,184 Dwight Pass,Santa Rosa,CA,95405,481-55-9744,1996-06-29
289,Germain,Bromby,0 Starling Parkway,Salt Lake City,UT,84130,157-50-3708,1987-03-30
291,Ninon,Sneddon,613 Farragut Street,Hartford,CT,06120,782-88-6556,1997-04-10
293,Edwina,Boxe,62 Cody Point,Saint Louis,MO,63158,827-52-6576,1992-05-20
295,Palm,Chipperfield,417 Steensland Drive,Mobile,AL,36628,205-13-1262,1987-01-09
297,Leonie,Novakovic,9 Holmberg Hill,New Orleans,LA,70154,672-82-6238,1990-03-22
299,Ailis,Rosten,43701 Shoshone Court,Seattle,WA,98148,318-11-3974,1982-11-14
301,Nero,Pharro,0 Harbort Junction,Toledo,OH,43615,248-76-3841,1985-03-27
303,Dorice,Faivre,9122 Havey Alley,Birmingham,AL,35279,332-53-2423,1984-02-25
305,Tansy,Puddifer,41512 Lotheville Alley,Sacramento,CA,94207,116-62-7450,1992-07-09
307,Kittie,Overy,03 Alpine Way,Glendale,CA,91210,823-79-7574,1992-08-23
309,Cris,Fossick,543 Arkansas Drive,Austin,TX,78715,203-43-9121,1981-11-02
311,Meggie,Bertie,5 Canary Avenue,Santa Monica,CA,90410,727-51-5832,1995-01-10
313,Berget,Leist,47 Oakridge Way,Wichita,KS,67215,717-30-3789,1985-03-03
315,Dena,Wilprecht,988 Golden Leaf Lane,Minneapolis,MN,55458,436-82-7721,1988-10-20
317,Stanleigh,Shovelbottom,2 Pepper Wood Parkway,Washington,DC,20022,110-21-5960,1999-09-06
319,Quentin,Kopf,77321 Logan Circle,Lancaster,CA,93584,422-80-4914,1995-08-06
321,Ethelred,Gearty,4937 Little Fleur Parkway,Minneapolis,MN,55402,199-73-0016,1998-02-03
323,Liuka,Truckett,115 Valley Edge Terrace,San Bernardino,CA,92415,515-77-8740,1987-02-11
325,Grantley,Rack,1303 Jackson Parkway,Colorado Springs,CO,80920,368-90-5888,1983-01-31
327,Ryann,Tribe,99 Mayfield Lane,Birmingham,AL,35210,118-51-4887,1984-02-19
329,Bernadine,Allwright,85 Eagan Point,Hartford,CT,06183,722-37-3079,1987-04-16
331,Devlin,Magor,69 High Crossing Crossing,Salt Lake City,UT,84110,867-33-9596,1985-07-02
333,Fidelity,Foulsham,28 Debra Place,Los Angeles,CA,90189,199-88-7064,1990-02-19
335,Maisie,Waple,582 Mariners Cove Terrace,Amarillo,TX,79105,433-94-6465,1987-06-09
337,Clayborn,Basey,6103 Manitowish Crossing,Toledo,OH,43666,154-94-2642,1990-07-05
339,Pauli,Harrington,5265 Sachs Junction,Dallas,TX,75260,529-93-1414,1997-05-03
341,Lavinia,Christon,64 Superior Hill,Fort Wayne,IN,46896,291-11-3132,1994-10-22
343,Arlena,Runnalls,6 Moland Avenue,Lansing,MI,48930,861-07-6770,1993-02-12
345,Sander,MacCague,6 Emmet Park,Santa Ana,CA,92705,792-80-9900,1983-11-10
347,Kizzee,Lernera,4897 Ilene Park,Montgomery,AL,36119,736-56-1978,1992-11-14
349,Maxim,Patise,9110 Manitowish Trail,Seminole,FL,34642,599-89-2765,1996-11-08
351,Sherye,Macauley,010 Bashford Terrace,Kansas City,MO,64179,743-87-2435,1988-03-08
353,Karly,Spera,826 Bobwhite Road,Topeka,KS,66642,395-21-1732,1997-11-04
355,Diena,Kliner,1 Russell Court,Athens,GA,30610,734-71-2551,1981-06-17
357,Tonie,Abrahamian,989 Calypso Drive,Rockford,IL,61105,184-87-2041,1992-07-28
359,Damien,Wilden,10645 Sunbrook Street,Santa Ana,CA,92725,813-85-0017,1991-07-16
361,Guthry,Dabs,0210 Hollow Ridge Place,Newark,DE,19714,469-77-4927,1993-02-02
363,Svend,Gueinn,5574 Lien Circle,San Antonio,TX,78250,377-09-1550,1981-06-09
365,Waly,Rameau,024 Donald Avenue,San Antonio,TX,78240,112-04-5072,1995-05-24
367,Dale,Korejs,599 Westridge Hill,Decatur,GA,30033,368-79-2361,1993-03-24
369,Rachel,Jacobovitz,77786 Cordelia Point,Topeka,KS,66611,733-44-3522,1985-10-08
371,Elita,Hyder,9834 Mendota Circle,Reno,NV,89550,612-42-1786,1992-01-15
373,Lem,Geeraert,973 Fair Oaks Road,New York City,NY,10029,774-68-8504,1989-07-26
375,Willi,Walduck,94396 Anhalt Hill,Tucson,AZ,85725,260-78-8676,1986-01-12
377,Christabella,Paige,78366 Harper Point,Baltimore,MD,21281,302-43-6241,1985-08-22
379,Dot,Print,1370 Maple Alley,Van Nuys,CA,91411,239-22-3855,1988-04-01
381,Lilyan,Wathall,71570 Tony Park,Bakersfield,CA,93305,664-20-1680,1992-03-20
383,Consuelo,Garr,0 Killdeer Avenue,Indianapolis,IN,46247,801-26-2737,1980-08-29
385,Augie,Belch,9383 Doe Crossing Center,Clearwater,FL,33758,822-11-8835,1989-05-20
387,Issiah,Egar,575 Sommers Drive,Baltimore,MD,21275,572-76-4765,1998-08-11
389,Welsh,Heningam,8 Service Court,Orange,CA,92862,514-38-6291,1992-02-29
391,Nariko,Fancott,716 Burning Wood Alley,Harrisburg,PA,17105,286-13-7490,1997-09-28
393,Kata,Lefort,4104 Montana Center,Nashville,TN,37235,259-05-1972,1980-11-15
395,Joanna,Mann,385 Florence Point,San Francisco,CA,94177,683-45-0418,1986-03-01
397,Klemens,Urion,9 Harper Hill,Springfield,IL,62718,211-54-2243,1993-02-12
399,Nicola,Vondrach,7369 Melby Drive,San Francisco,CA,94159,218-81-9465,1999-01-15
401,Mata,Kneebone,7 Everett Parkway,Washington,DC,20535,747-55-4923,1994-12-25
403,Gian,Leighfield,72 Corscot Junction,Nashville,TN,37240,577-59-9915,1981-09-29
405,Chiquita,Royce,596 Haas Place,Lubbock,TX,79405,427-69-2148,1989-02-07
407,Mathian,Wickes,0950 Kensington Park,Chicago,IL,60619,386-02-3098,1987-12-04
409,Ameline,Staniford,433 Nelson Plaza,Washington,DC,20215,119-93-6105,1996-06-28
411,Sadie,Gaira,789 7th Place,Tampa,FL,33680,418-51-2559,1996-10-15
413,Katine,Alten,42781 Macpherson Alley,Nashville,TN,37235,740-65-0545,1994-10-23
415,Care,Teasell,8541 Mandrake Park,Conroe,TX,77305,698-82-2476,1986-08-27
417,Jaclyn,Kingswoode,54582 Scofield Crossing,Birmingham,AL,35210,521-91-2313,1993-07-14
419,Tamara,Polet,5608 Hansons Hill,Knoxville,TN,37939,360-71-8447,1984-03-02
421,Selestina,Izen,864 Loeprich Drive,Washington,DC,20205,130-52-8040,1984-01-05
423,Farrah,Scholcroft,783 Derek Crossing,Saint Paul,MN,55115,531-60-3003,1991-09-19
425,Conney,Bines,62 Aberg Way,Sacramento,CA,94245,241-49-3420,1986-12-12
427,Brennan,Bunten,553 Meadow Valley Street,Wilmington,DE,19892,352-32-6482,1984-04-24
429,Solly,Anthill,504 Fisk Street,Miami,FL,33233,678-65-4944,1985-09-09
431,Robbi,Rubberts,765 Mcguire Way,Lake Charles,LA,70607,157-72-6175,1983-05-20
433,Kacie,Valder,6 Express Circle,Omaha,NE,68117,286-64-2715,1980-06-29
435,Gerhardine,Flude,3948 Anzinger Terrace,Washington,DC,20210,781-68-8052,1998-04-22
437,Taryn,Rumke,20105 Summit Place,San Antonio,TX,78225,489-57-2802,1984-05-21
439,Kerry,Dik,112 Westend Terrace,Montgomery,AL,36114,835-32-9225,1997-12-13
441,Mill,Blucher,61124 Michigan Crossing,Fresno,CA,93778,679-57-7635,1988-10-18
443,Lori,Ginnaly,5957 Clyde Gallagher Drive,Knoxville,TN,37995,319-23-8015,1982-09-10
445,Cordy,Solomon,527 Maple Wood Parkway,San Diego,CA,92105,235-77-9522,1982-12-13
447,Gordon,Gutridge,100 Corry Crossing,Wilkes Barre,PA,18706,733-18-5053,1997-11-29
449,Marillin,Jacques,192 Sachs Terrace,Canton,OH,44760,661-88-5262,1982-06-03
451,Joscelin,Stennine,6 Veith Court,Green Bay,WI,54305,826-29-2926,1994-07-02
453,Cathi,Brute,9453 Manitowish Hill,Austin,TX,78749,252-79-4296,1989-01-03
455,Sophronia,Maywood,5 Dawn Plaza,Houston,TX,77266,789-51-1845,1995-06-30
457,Sonny,Larmouth,8 Manufacturers Avenue,Kansas City,MO,64136,328-70-4634,1995-08-25
459,Hurley,Van de Castele,0373 Mariners Cove Way,San Angelo,TX,76905,127-82-6172,1991-11-24
461,Abe,Trowbridge,6 Daystar Way,Dallas,TX,75260,663-45-6220,1999-06-07
463,Shayla,Pickton,949 Del Mar Parkway,Kansas City,MO,64142,694-92-4290,1995-07-13
465,Quint,Lucock,15 Mallard Way,Colorado Springs,CO,80910,229-40-8488,1985-12-02
467,Maitilde,Walls,82 Texas Street,New York City,NY,10004,182-36-3899,1999-03-31
469,Dall,Ourry,630 Independence Trail,Brooksville,FL,34605,856-85-2139,1987-03-10
471,Mimi,Covil,1 Delaware Hill,Irvine,CA,92619,599-04-6441,1987-10-23
473,Selestina,McNickle,910 Merchant Drive,Garden Grove,CA,92844,878-62-9267,1997-06-24
475,Erick,Ciccetti,61 Summerview Drive,Atlanta,GA,30340,744-70-5617,1984-08-05
477,Rosie,Rampage,4566 Hansons Court,York,PA,17405,218-17-0660,1993-03-14
479,Baxie,Bertot,0589 Grover Street,Bethesda,MD,20816,491-20-9217,1982-08-09
481,Sheree,Lethbury,9772 Hintze Alley,Springfield,IL,62794,472-69-8084,1982-07-22
483,Wesley,Castagna,0 Huxley Crossing,Mobile,AL,36689,157-63-1080,1992-03-25
485,Lindsay,Dallow,571 Debra Lane,Salt Lake City,UT,84110,170-23-3207,1983-08-05
487,Gertrudis,Litzmann,96792 Stone Corner Trail,Cincinnati,OH,45271,898-89-8064,1984-08-27
489,Janayaa,Mutter,3 Anthes Parkway,Tuscaloosa,AL,35405,276-87-3297,1997-05-15
491,Tonie,Rossander,9 Mendota Junction,New Orleans,LA,70124,812-84-4003,1998-12-07
493,Hilde,Orvis,7 Farmco Parkway,Columbia,SC,29225,178-04-4817,1992-06-13
495,Tara,Mazzilli,22722 Sunfield Pass,Fresno,CA,93740,652-59-3277,1988-06-29
497,Moore,Prescote,3228 Fremont Park,North Las Vegas,NV,89087,269-23-9113,1998-02-01
499,Gilles,Utton,85 Monument Trail,Shawnee Mission,KS,66276,220-45-8295,1983-01-24
501,Brigida,Ferson,9 Coolidge Lane,San Francisco,CA,94110,231-53-0668,1991-02-09
503,Hillard,Champkins,6 Annamark Drive,Young America,MN,55557,222-76-1188,1996-01-21
505,Constancia,Espino,8429 Hollow Ridge Junction,Houston,TX,77276,255-44-8710,1986-12-05
507,Wilton,Aimable,96881 Evergreen Parkway,Nashville,TN,37220,762-34-2231,1997-12-20
509,Kev,Picheford,2 Lukken Avenue,Oakland,CA,94660,192-02-2617,1982-08-14
511,Debra,Sewley,479 Rusk Terrace,El Paso,TX,79940,109-10-6383,1984-03-02
513,Maximo,Corcoran,70229 Blaine Plaza,Tacoma,WA,98464,641-16-5890,1999-05-10
515,Mel,Rodder,77 Birchwood Drive,Florence,SC,29505,520-58-7366,1982-10-11
517,Gregorio,Woodley,05982 Sage Crossing,Knoxville,TN,37931,691-92-9886,1996-09-21
519,Osmond,Sweetman,78881 Esker Hill,Tulsa,OK,74184,131-37-0138,1981-05-22
521,Ophelie,Snelman,1570 Bartelt Point,Pompano Beach,FL,33064,147-53-0776,1996-04-22
523,Cristine,Cornfoot,17 Sunbrook Center,Tallahassee,FL,32304,779-84-4798,1987-10-31
525,Twila,Rodnight,794 Warrior Hill,Arlington,VA,22234,260-55-2913,1997-07-18
527,Karry,Moggle,35623 Chive Terrace,Topeka,KS,66622,705-86-9350,1997-08-16
529,Annabella,Hedingham,94012 Linden Pass,Wilmington,DE,19805,598-36-7005,1997-12-29
531,Paulie,Wharram,6 Summerview Drive,Madison,WI,53790,104-50-7284,1999-04-16
533,Vidovik,Rex,9635 2nd Circle,Clearwater,FL,34629,871-49-3446,1993-06-06
535,Somerset,Checcuzzi,44084 Red Cloud Way,San Francisco,CA,94126,618-67-1771,1998-07-28
537,Kitti,Grover,3 Corry Junction,Winston Salem,NC,27150,746-06-4890,1984-07-29
539,Phaidra,Krzyzowski,8227 Bunker Hill Trail,Charleston,WV,25389,295-55-9297,1994-01-10
541,Cullen,Dexter,76421 School Place,Huntsville,AL,35805,279-85-9814,2000-01-18
543,Carolynn,Gilkison,774 Graedel Drive,Des Moines,IA,50362,336-49-6459,1984-04-12
545,Eldredge,Dagon,7 Declaration Street,West Palm Beach,FL,33416,130-74-5061,1984-12-27
547,Ettie,Engley,5 Lunder Center,Richmond,VA,23285,608-35-4138,1993-02-07
549,Natala,Alvarado,404 Buhler Center,Tucson,AZ,85743,604-83-8200,1990-04-08
551,Peyter,Skune,0 Sullivan Junction,Odessa,TX,79764,111-36-7820,1985-12-25
553,Thaddus,Mabbitt,85779 Jana Alley,Littleton,CO,80126,249-59-8628,1997-02-27
555,Clovis,Halfacre,48 Southridge Pass,San Francisco,CA,94132,251-68-3176,1991-12-12
557,Michal,Campana,19822 Summerview Lane,Plano,TX,75074,119-07-6677,1981-10-09
559,Rebekah,Allgood,6146 Hagan Street,Aiken,SC,29805,140-19-4297,1992-11-22
561,Shantee,Teasdale-Markie,153 Pepper Wood Way,Provo,UT,84605,830-88-3176,1990-07-18
563,Alistair,Gandy,6 Delladonna Road,Delray Beach,FL,33448,790-87-6218,1980-11-21
565,Roxie,Woolvett,259 Bluejay Pass,Albuquerque,NM,87121,205-82-0745,1982-05-02
567,Dina,Simioni,84 Schlimgen Trail,Hialeah,FL,33018,464-46-1888,1991-10-24
569,Albertina,Stevani,24168 Dawn Drive,Santa Monica,CA,90410,471-53-9720,1994-08-27
571,Edeline,Bohlens,96 Blaine Lane,Woburn,MA,01813,153-40-3831,1989-10-17
573,Horten,Langsbury,08063 Ohio Parkway,Durham,NC,27717,749-22-0911,1991-12-31
575,Carolee,Spedding,5181 Vahlen Road,Pittsburgh,PA,15255,212-26-1019,1980-07-04
577,Lyn,Spencley,80 Talisman Junction,Trenton,NJ,08695,433-83-2677,1992-03-27
579,Beryl,Simms,272 School Alley,Wilmington,DE,19897,770-04-9665,1995-08-06
581,Hermon,Laidlow,9531 Superior Park,Charleston,WV,25305,201-83-2623,1996-06-07
583,Olin,Claridge,3076 Hintze Center,Phoenix,AZ,85067,609-27-0032,1990-11-10
585,Almeria,Jankovic,7771 Shopko Pass,Sarasota,FL,34233,211-25-4959,1994-12-22
587,Alastair,Blinder,7900 Esch Drive,San Francisco,CA,94147,233-78-8537,1983-12-10
589,Feliza,Braney,72 Hagan Drive,Young America,MN,55551,850-53-2009,1985-10-13
591,Matias,Ginglell,161 Holy Cross Junction,Pocatello,ID,83206,823-26-5557,1982-01-23
593,Katey,Neubigin,4 Bartillon Lane,Pompano Beach,FL,33069,129-19-3576,1998-01-10
595,Frannie,Mattersley,022 Granby Court,Annapolis,MD,21405,386-81-2378,1994-07-20
597,Goldarina,Hartin,79978 Havey Alley,Decatur,IL,62525,774-17-0340,1982-06-25
599,Christal,Leborgne,7721 Susan Court,Brockton,MA,02405,196-14-2026,1989-01-30
601,Pincus,Lepard,831 Corscot Parkway,Long Beach,CA,90831,217-40-9261,1984-01-08
603,Catie,Artist,86500 Crest Line Lane,Fort Worth,TX,76198,589-49-0122,1984-08-18
605,Ailina,Rosenfrucht,80 Anderson Terrace,Beaumont,TX,77713,716-98-0266,1984-03-29
607,Prisca,Haw,98420 Anderson Road,Peoria,AZ,85383,696-55-4435,1989-02-17
609,Osgood,Rowles,42301 Bultman Pass,Los Angeles,CA,90005,101-51-6974,1987-08-19
611,Roxanne,Thomerson,7978 Monica Junction,Saint Louis,MO,63167,497-66-3496,1999-07-11
613,Lonny,Thorsby,74567 Barby Point,Portland,OR,97229,401-94-4668,1998-06-25
615,Abelard,Mollen,6 Washington Junction,Miami,FL,33134,807-28-8501,1997-01-26
617,Mair,Skegg,3 Ryan Street,Tampa,FL,33620,143-38-3071,1993-10-24
619,Vevay,Bartens,806 Haas Circle,Detroit,MI,48295,502-30-3024,1993-04-06
621,Haskell,Skill,0913 Melody Point,Portland,OR,97296,738-35-8705,1987-02-04
623,Peria,Sandall,7 Sherman Terrace,Miami,FL,33134,244-37-0285,1984-01-28
625,Madison,Bexley,45 Milwaukee Point,New York City,NY,10009,829-37-6111,1988-02-10
627,Vince,Garry,839 Warrior Court,Lubbock,TX,79415,557-94-8147,1989-07-26
629,Hildagarde,Almak,3888 Clarendon Terrace,Richmond,VA,23277,245-33-2785,1989-05-14
631,Thatcher,Prenty,113 Ridgeway Center,Minneapolis,MN,55428,204-14-2191,1986-03-09
633,Nariko,Geillier,76 Dixon Alley,Mobile,AL,36641,507-75-6329,1984-08-16
635,Jeddy,Warnes,8 Lukken Circle,Washington,DC,20599,826-29-4649,1982-04-08
637,Kingsley,Hallyburton,90817 Sloan Place,Stamford,CT,06922,220-01-3609,1986-12-28
639,Lemuel,Karpushkin,673 Brickson Park Alley,Hartford,CT,06183,742-36-4589,2000-02-20
641,Germain,Jewers,03675 Morning Road,Erie,PA,16522,155-25-1629,1984-07-09
643,Terrance,Dominicacci,1 Starling Alley,Springfield,IL,62776,771-80-8874,2000-06-11
645,Waite,Tuff,926 Oak Terrace,Berkeley,CA,94712,342-85-2273,1982-04-06
647,Adelind,Logan,17861 Arizona Center,Port Charlotte,FL,33954,292-47-6936,1993-08-15
649,Carlynn,Calfe,898 Oxford Court,Washington,DC,20580,278-15-3642,1994-06-06
651,Dukie,Patchett,433 Graceland Street,Macon,GA,31210,249-98-7665,1990-03-02
653,Adler,Helliwell,16 Hayes Place,El Paso,TX,79994,372-12-1895,1990-05-10
655,Stephannie,Ravenhills,9 Nancy Road,Cincinnati,OH,45233,698-21-1967,1983-03-09
657,Sullivan,Shatford,598 Brickson Park Trail,Fort Smith,AR,72905,307-24-9351,1995-11-02
659,Crawford,Deluca,4443 Ridgeway Alley,San Antonio,TX,78225,620-94-1782,1994-01-06
661,Jase,Lehrle,704 Debs Hill,Monticello,MN,55590,473-30-4637,1981-11-19
663,Gusta,Firmager,7 Sheridan Street,Jamaica,NY,11470,533-72-0312,1998-06-07
665,Chelsie,Lung,8 Clarendon Drive,Scottsdale,AZ,85255,287-72-3093,1992-06-17
667,Jolie,Yakubov,46 Warner Alley,Washington,DC,20016,751-54-9024,1996-06-17
669,Fiann,Tute,4462 Nobel Trail,Dulles,VA,20189,316-75-4893,1982-09-23
671,Vonny,Peacey,06 Northland Terrace,Brockton,MA,02405,185-57-6199,1995-12-30
673,Ole,Corn,516 Londonderry Parkway,Fort Lauderdale,FL,33305,302-08-2987,1980-12-19
675,Talia,Stoffel,7 Weeping Birch Pass,Charlottesville,VA,22908,637-78-1118,1983-09-16
677,Florette,Daniely,9387 Bunting Street,Madison,WI,53710,314-94-2808,1994-10-08
679,Joellyn,Chattock,34 Summit Parkway,Pasadena,CA,91131,894-43-1552,1981-12-20
681,Farleigh,Ackenson,574 Stang Junction,Albuquerque,NM,87121,139-04-8134,1984-05-26
683,Dom,Helks,66 Texas Way,Littleton,CO,80161,341-31-2893,1994-04-07
685,Vinnie,Mcall,3 Pierstorff Avenue,San Francisco,CA,94110,492-65-2002,1995-06-26
687,Suzy,Prestidge,93076 Pawling Way,Cincinnati,OH,45254,550-80-6684,1998-12-26
689,Pietra,Vizor,4 Green Ridge Road,Cincinnati,OH,45233,465-37-4915,1991-02-03
691,Parnell,Goff,1 Sunnyside Parkway,New Orleans,LA,70179,104-46-2149,1981-08-31
693,Christiane,Fidelli,23178 Melby Court,Cincinnati,OH,45249,695-12-3453,1980-11-29
695,Bonnie,Bartolommeo,34 Lotheville Avenue,Honolulu,HI,96805,523-46-1895,1998-08-08
697,Bron,Lapthorne,64466 Meadow Valley Lane,Winston Salem,NC,27116,211-19-5398,1991-10-15
699,Byran,Williscroft,4 Glendale Way,Nashville,TN,37220,655-30-2040,1988-03-19
701,Yorker,Philippson,6 Northview Lane,Hampton,VA,23668,104-26-8821,1987-06-14
703,Madel,Pilfold,0122 Basil Place,Dayton,OH,45490,717-77-9359,1989-08-03
705,Ericha,Sinton,55 Canary Junction,Sacramento,CA,95828,734-43-3511,1986-08-06
707,Darrel,Goburn,53 Almo Circle,Washington,DC,20078,838-71-5960,1980-10-02
709,Evania,Dow,0756 2nd Street,Sioux City,IA,51110,729-58-0666,1992-05-01
711,Alyda,Chainey,21 Moose Avenue,Glendale,AZ,85305,506-10-8680,1992-02-18
713,Nickolai,Bea,005 Dwight Street,Columbus,OH,43204,115-35-9721,1994-03-02
715,Langsdon,Stanlack,83 Basil Plaza,Phoenix,AZ,85020,593-66-5005,1987-11-01
717,Nat,Northridge,4 Anthes Park,Winter Haven,FL,33884,367-77-0219,1995-09-25
719,Audra,Gross,72 Utah Terrace,Baltimore,MD,21275,334-83-6647,1991-07-12
721,Bobbe,Bagby,72 Lunder Place,Detroit,MI,48258,419-08-1035,1994-07-13
723,Westleigh,Yvon,5 Grasskamp Center,Los Angeles,CA,90081,548-79-7813,1989-12-11
725,Tiphanie,Lorriman,4 Autumn Leaf Lane,Las Vegas,NV,89145,278-15-7926,1987-03-19
727,Serge,Gemson,50 Lien Center,Washington,DC,20425,509-11-5049,1998-02-19
729,Meade,Gunson,23 7th Plaza,Albuquerque,NM,87201,114-29-9828,1998-02-07
731,Guillema,Emig,9 Tennyson Hill,El Paso,TX,79940,190-56-8398,2000-05-13
733,Tiffani,Lehrer,3 Blue Bill Park Center,Indianapolis,IN,46207,850-17-3211,1991-06-21
735,Darcey,Arrol,73007 Little Fleur Terrace,Cleveland,OH,44191,844-08-0312,1983-06-06
737,Ferdinande,Village,43 Garrison Parkway,Shawnee Mission,KS,66210,630-98-7218,1988-06-13
739,Konrad,Paske,9386 Mandrake Parkway,Tacoma,WA,98481,449-05-0422,1980-07-07
741,Andie,Eggleton,0820 Magdeline Plaza,Boulder,CO,80310,687-51-6964,1984-04-23
743,Edmund,Waldron,82792 Judy Trail,Jamaica,NY,11480,535-49-5718,1991-11-04
745,Hershel,Ridolfi,82106 Delaware Place,Bakersfield,CA,93386,113-05-7283,1985-09-16
747,Shirlene,Crandon,02415 Farwell Terrace,Bellevue,WA,98008,535-94-5986,1993-08-12
749,Susanna,McGray,6 Muir Court,Inglewood,CA,90398,608-10-4797,1987-09-27
751,Kandy,Ragot,21493 Vidon Alley,Hialeah,FL,33013,383-77-8457,1987-12-20
753,Zollie,Scott,32308 Northport Pass,Englewood,CO,80150,536-12-2304,1983-07-24
755,Antone,Thomkins,64199 Logan Junction,Cedar Rapids,IA,52410,709-83-2340,1985-06-15
757,Warner,Jakoubec,31742 Havey Hill,Boston,MA,02298,652-64-3320,1994-03-09
759,Garald,Brose,9 Crowley Point,Charlotte,NC,28225,385-84-0122,1990-12-14
761,Magdalen,Benesevich,23 Hermina Point,Duluth,GA,30195,241-60-9682,1985-09-20
763,Emelyne,Sarfass,1049 Iowa Court,North Little Rock,AR,72199,284-42-1316,1989-05-01
765,Dene,Parlour,58065 Oxford Alley,Houston,TX,77085,198-50-2173,1982-03-04
767,Germaine,Biagi,24680 Hagan Park,Valdosta,GA,31605,240-38-0298,1997-03-06
769,Carlotta,Gulliman,42369 Holmberg Alley,Cincinnati,OH,45296,458-03-4302,1988-06-30
771,Amalia,Hunton,7411 North Lane,Garden Grove,CA,92844,281-81-1195,1996-06-12
773,Caryl,Chatburn,649 Melby Alley,Van Nuys,CA,91499,729-21-3151,1991-07-16
775,Edi,Armer,40636 Eliot Crossing,Glendale,CA,91205,750-93-4406,1990-07-23
777,Odelia,Georgeson,5094 Nobel Center,Hagerstown,MD,21747,323-33-5350,1990-08-24
779,Decca,Pinnington,841 Brickson Park Hill,Tucson,AZ,85743,521-15-6192,1983-05-27
781,Shalom,Guyot,4690 Dryden Trail,Miami,FL,33175,879-08-7439,1982-05-06
783,Benson,Luto,6683 Hauk Junction,Houston,TX,77245,818-57-0653,1982-06-28
785,Elijah,Archell,45 Lillian Lane,Naperville,IL,60567,848-95-4508,1983-12-16
787,James,Cattlemull,2 Barnett Lane,Nashville,TN,37215,260-64-3149,1982-03-17
789,Lannie,Petett,78239 Boyd Road,Milwaukee,WI,53277,810-93-6944,1986-04-11
791,Tate,Kinig,26 Debra Crossing,New York City,NY,10125,841-90-3355,1984-03-21
793,Merrily,MacNeachtain,841 Buhler Court,Jackson,MS,39204,474-95-4691,1986-08-01
795,Jillie,Banbridge,6153 Eastwood Alley,Austin,TX,78710,282-11-7455,1999-10-12
797,Sly,Vayro,7753 Bluestem Drive,Richmond,VA,23228,325-22-5353,1989-03-25
799,Luigi,Joscelin,479 Havey Lane,Albany,NY,12210,236-99-7800,1982-01-08
801,Alicea,Lunck,2 Morning Street,Detroit,MI,48224,582-12-3824,1993-11-20
803,Andra,Colgan,01846 Pawling Circle,El Paso,TX,79955,174-18-5827,1985-12-18
805,Anderea,Cammocke,46 Oxford Park,Shawnee Mission,KS,66225,712-29-4770,1996-08-02
807,Shanda,Wickham,507 Corben Street,Washington,DC,20414,852-30-0457,1995-11-01
809,Odilia,Robertsson,7 Hollow Ridge Road,Wichita,KS,67230,633-99-0238,1995-04-14
811,Karola,Grzeszczak,0 Hallows Alley,Springfield,IL,62756,651-70-3101,1990-10-16
813,Dean,Thom,9 Merry Center,Charleston,SC,29416,454-20-6188,1989-11-05
815,Rubia,Zanioletti,00 Lukken Circle,Chattanooga,TN,37410,687-16-6867,1990-02-27
817,Wally,Smitheram,489 Clove Parkway,Topeka,KS,66699,283-29-9469,1984-02-13
819,Brucie,Wildber,04 Gale Park,Gadsden,AL,35905,391-85-4999,1990-04-16
821,Gill,Finnie,391 Marquette Point,Clearwater,FL,34620,289-89-7000,1995-03-02
823,Velvet,Qualtrough,881 Waywood Hill,Salt Lake City,UT,84170,536-53-0101,1995-05-05
825,Olly,Glasheen,30814 Lighthouse Bay Avenue,San Francisco,CA,94164,530-92-2923,1983-06-27
827,Kaylyn,McEvoy,4431 Debra Place,Ogden,UT,84403,611-53-0058,1994-04-05
829,Ulrikaumeko,Childe,64521 Del Sol Street,Memphis,TN,38131,415-67-6370,1996-08-29
831,Desi,Fetters,7455 Almo Terrace,Chicago,IL,60614,416-73-1012,1999-04-26
833,Megen,MacFaul,85 Elmside Junction,Albuquerque,NM,87140,642-10-2832,1987-05-20
835,Caye,Mabbutt,4105 Garrison Terrace,Waltham,MA,02453,408-34-2147,1986-12-14
837,Carny,Patnelli,48713 Montana Alley,Marietta,GA,30066,468-68-3272,1982-08-25
839,Sheilah,Moan,63 Boyd Street,Beaverton,OR,97075,137-17-2613,1983-02-10
841,Yoshiko,Agneau,89469 High Crossing Park,Des Moines,IA,50369,724-65-9726,1986-07-13
843,Minnie,Fitchet,00 Gulseth Alley,Fresno,CA,93778,868-21-7721,1996-11-07
845,Norrie,Harbron,25 Marquette Trail,Cincinnati,OH,45296,647-53-2836,1986-09-22
847,Rocky,Rigby,81 Butternut Road,El Paso,TX,88541,599-70-5599,1985-12-14
849,Nissy,Turone,63 Messerschmidt Road,Torrance,CA,90505,444-96-5530,1987-03-17
851,Kimberlyn,St Leger,3 Derek Trail,Colorado Springs,CO,80951,852-42-8591,1988-01-24
853,Rory,Jeannet,9177 Grasskamp Alley,El Paso,TX,79989,297-53-2539,1983-06-01
855,Maude,Jagoe,011 Schmedeman Junction,Pittsburgh,PA,15225,273-52-8670,1986-01-12
857,Allyn,Josefsson,9517 Lindbergh Plaza,Fairfield,CT,06825,200-28-5676,1996-01-27
859,Verney,Pentland,013 Village Circle,Duluth,MN,55811,688-19-3968,1992-02-18
861,Nicolea,Perren,82 Briar Crest Junction,Dayton,OH,45470,794-29-2171,1994-10-28
863,Kane,Dolan,70 Knutson Park,Bakersfield,CA,93311,377-32-1046,1992-01-09
865,Darren,Bewlay,4 Pennsylvania Park,New York City,NY,10004,289-17-8866,2000-03-13
867,Nelia,Sent,8094 Kinsman Center,Harrisburg,PA,17110,560-46-6877,1983-01-06
869,Kassey,Peizer,82011 Blackbird Center,Melbourne,FL,32941,625-67-8944,1996-10-31
871,Carolina,Willan,7 Old Gate Trail,Oklahoma City,OK,73173,421-76-5376,1997-01-22
873,Tris,Clynman,649 Portage Way,San Antonio,TX,78250,808-47-9732,1990-07-06
875,Geno,Perazzo,0 Thackeray Plaza,Austin,TX,78764,449-76-5912,1981-04-02
877,Orsa,McKillop,598 Lakeland Way,Van Nuys,CA,91411,153-65-2005,1984-10-14
879,Mommy,Josephsen,03724 Maple Avenue,Washington,DC,20546,792-64-6858,1996-02-05
881,Nathanil,Joskowicz,05595 Orin Center,San Antonio,TX,78260,893-51-6799,1993-03-25
883,Ellyn,Greeves,25 Ridge Oak Point,Indianapolis,IN,46202,483-92-3947,1997-09-22
885,Fransisco,Gaskoin,682 Jenna Street,Amarillo,TX,79188,317-15-6770,1988-10-21
887,Lance,De Giorgi,079 John Wall Alley,Houston,TX,77010,201-66-1868,1985-04-01
889,Aubrie,Gittus,6456 Glacier Hill Lane,Fort Lauderdale,FL,33330,190-60-1426,1999-01-30
891,Arlin,Basillon,88327 Eliot Road,Charleston,WV,25362,126-38-4190,2000-02-05
893,Lazaro,Audsley,667 Scott Road,Colorado Springs,CO,80905,335-62-3958,1989-09-21
895,Carter,Le feuvre,04 Aberg Drive,Oakland,CA,94605,476-79-1748,1995-01-13
897,Cam,Broke,71 Namekagon Junction,Toledo,OH,43699,533-96-8104,1990-03-31
899,Danny,Gheorghe,19 North Crossing,Saint Paul,MN,55123,786-97-9325,1997-03-23
901,Orelee,Varren,38 Roxbury Terrace,Wilmington,DE,19897,650-72-3450,1993-09-15
903,Nara,Readman,30621 Mccormick Terrace,Durham,NC,27705,243-64-4683,1998-04-01
905,Kelli,Cruise,59731 Wayridge Center,Gainesville,FL,32605,277-49-7677,1981-08-22
907,Devinne,Hanlon,7 Everett Lane,Seattle,WA,98121,744-66-9766,1984-05-22
909,Nettle,Walton,4044 Kensington Point,Lansing,MI,48901,659-59-9947,1990-02-28
911,Matilde,Compston,01479 American Ash Point,Seattle,WA,98166,612-49-3290,1987-08-29
913,Brigit,Wenham,550 Norway Maple Park,San Diego,CA,92137,421-69-7239,1992-03-01
915,Babara,MacKegg,45 Beilfuss Lane,Palatine,IL,60078,793-03-1539,1994-03-23
917,Misty,Goodbarr,1033 American Ash Drive,Tucson,AZ,85705,172-48-8654,1985-05-29
919,Lizzy,Sebire,384 Hermina Terrace,Birmingham,AL,35263,649-65-3116,1997-12-25
921,Melosa,McFetrich,4 Prairie Rose Street,Fredericksburg,VA,22405,560-69-0360,1989-07-17
923,Rollin,Crosi,415 Summerview Center,Omaha,NE,68117,239-40-3645,1997-10-14
925,Tait,Hume,287 Fisk Crossing,Hialeah,FL,33013,358-16-5520,1983-01-10
927,Remus,Brundale,25929 Mandrake Plaza,Birmingham,AL,35254,643-51-9321,1986-11-07
929,Cyrille,Domenge,0767 Rigney Terrace,Austin,TX,78721,831-61-5620,1995-03-07
931,Dode,Buckberry,8 Dahle Trail,Louisville,KY,40250,224-55-0189,1986-10-13
933,Ferdinand,Audiss,6403 Johnson Plaza,Chicago,IL,60674,206-33-6289,1997-03-23
935,Jillana,Lujan,66 Waywood Place,Lake Worth,FL,33467,155-75-9094,1984-12-28
937,Bibbie,Pickvance,48731 1st Junction,Washington,DC,20005,699-91-7622,1995-06-28
939,Minda,Grimbleby,260 Schmedeman Circle,Littleton,CO,80161,768-93-0505,1988-03-18
941,Kelbee,Woodyeare,2201 Upham Avenue,Metairie,LA,70033,254-91-5955,1984-03-25
943,Clerkclaude,Klimmek,042 Tony Way,San Jose,CA,95138,536-63-7553,1995-09-11
945,Tildie,Dockreay,4 Talisman Trail,Knoxville,TN,37995,894-22-1012,1998-02-08
947,Serena,Boddie,65373 Scoville Drive,Bellevue,WA,98008,496-42-1993,1987-11-13
949,Niall,Kaesmakers,41 Crest Line Alley,South Bend,IN,46620,306-23-8472,1988-08-04
951,Biddie,Deabill,1459 Transport Pass,London,KY,40745,683-71-7719,1992-01-18
953,Lelia,Gribbins,03705 Emmet Court,Kansas City,MO,64114,712-21-9475,1997-12-03
955,Gwyneth,Stapleton,18968 Fulton Lane,Huntington,WV,25716,636-24-4482,1987-02-21
957,Vassili,Stevani,9 Grim Lane,Englewood,CO,80150,448-63-3551,1985-04-20
959,Igor,Cottill,7 1st Park,Miami,FL,33142,843-66-5602,1994-04-03
