id,first_name,last_name,Address,City,State,Zip,SSN,Birthdate
2,Corette,Brilon,22499 New Castle Junction,Boston,MA,02163,686-92-0365,1986-09-19
4,Leroi,Margett,4 Porter Drive,Chicago,IL,60630,712-19-7275,2000-05-22
6,Ari,McHale,28073 Kingsford Parkway,Alhambra,CA,91841,412-92-8045,1991-08-18
8,Riva,Manders,47 Kinsman Park,Omaha,NE,68124,827-28-5764,1991-07-05
10,Fonsie,Mordue,8631 Thompson Hill,Wilkes Barre,PA,18706,511-37-9932,1986-09-10
12,Revkah,Coo,256 Kennedy Plaza,Wichita Falls,TX,76305,789-01-9707,1990-12-16
14,Adrien,Kliche,66 Browning Lane,Portland,OR,97229,875-02-8696,1996-09-23
16,Lulita,Murty,48 Anniversary Place,Huntington,WV,25716,441-65-6751,1988-03-15
18,Allegra,Hadlow,18632 Grasskamp Circle,Los Angeles,CA,90005,526-51-2142,1984-01-11
20,Ashton,Spellicy,9 Union Place,Tampa,FL,33647,432-38-3549,1984-10-22
22,Tedda,Tullett,83093 Pine View Hill,Detroit,MI,48224,691-17-6205,1986-08-31
24,Kial,Fane,50 Sloan Alley,Brooklyn,NY,11231,134-04-9478,1984-10-10
26,Opaline,Hornig,96507 Mallard Center,Waterloo,IA,50706,576-91-9862,1987-01-10
28,Johnnie,Yarn,5848 Eggendart Pass,Omaha,NE,68110,116-90-8981,1991-03-16
30,Tom,Sparkes,7 Goodland Hill,Birmingham,AL,35236,372-08-8239,1996-10-16
32,Ulberto,Walkley,21 Eastlawn Center,Washington,DC,20337,536-13-4700,1980-04-26
34,Reginald,Bloy,120 Fallview Circle,Huntington,WV,25709,592-98-0829,1995-09-15
36,Kermit,Shadfourth,3 Autumn Leaf Center,Grand Junction,CO,81505,424-78-0860,2000-05-01
38,Arlie,Deave,0874 Calypso Junction,Dulles,VA,20189,498-76-7341,1980-12-07
40,Bat,Toler,4 Paget Street,Boston,MA,02109,661-96-4038,1992-05-19
42,Leigh,Wibberley,88 Forest Terrace,Tyler,TX,75705,694-87-3903,1995-10-16
44,Dell,Brumble,9 Dahle Park,Houston,TX,77206,370-11-7008,1997-07-03
46,Den,Becks,005 Hanson Junction,Cincinnati,OH,45264,404-37-7480,1982-04-11
48,Gilbert,Dewis,53 Washington Drive,Austin,TX,78749,697-37-6180,1985-06-25
50,Siouxie,Gauson,39 Continental Avenue,Tallahassee,FL,32304,749-39-0372,1984-12-13
52,Brook,Elphey,7020 Rockefeller Trail,New Orleans,LA,70154,457-38-7294,1995-09-16
54,Linn,Chavrin,40 Nobel Street,Albuquerque,NM,87121,157-73-8283,1992-08-22
56,Tomas,MacAndrew,7 Acker Junction,Indianapolis,IN,46254,676-91-6752,1999-05-17
58,Galen,Skeat,901 Bellgrove Circle,Irvine,CA,92710,480-32-5532,1996-06-14
60,Rorke,Kasperski,9 Crowley Road,Kansas City,KS,66112,205-33-6214,1987-10-23
62,Roselin,Coners,4 Calypso Street,Pittsburgh,PA,15210,217-61-4130,1991-12-21
64,Tandy,Canon,41 Transport Park,Madison,WI,53790,823-37-8056,1983-11-08
66,Janine,Brian,7 Bashford Circle,Santa Ana,CA,92705,885-84-2340,1999-10-20
68,Hailey,Larcher,11 Tennyson Point,Salt Lake City,UT,84189,827-15-7762,1990-01-29
70,Odey,Jervoise,7055 Becker Crossing,Tacoma,WA,98481,870-94-1201,1981-11-08
72,Romonda,Loache,040 Dottie Plaza,Sacramento,CA,94250,546-49-5055,1984-07-09
74,Camilla,Scadding,65 Sachs Plaza,Milwaukee,WI,53215,595-94-7744,1990-06-10
76,Laney,Riby,453 Bobwhite Hill,Fort Myers,FL,33906,609-90-1682,1993-12-03
78,Rick,Follin,99683 Rigney Pass,Topeka,KS,66622,158-73-0417,1984-07-10
80,Alisander,Blatherwick,6 Saint Paul Street,Tulsa,OK,74170,273-95-4650,1985-02-25
82,Ruprecht,Dudley,89734 Westerfield Plaza,New York City,NY,10275,391-98-9547,1994-06-19
84,Brynne,Ashness,85 Pawling Place,Bakersfield,CA,93399,314-09-4251,1982-05-16
86,Milli,Bicksteth,7491 Dorton Trail,Brooklyn,NY,11236,215-40-9313,1995-05-24
88,Bengt,Benitez,4087 Burning Wood Circle,Tampa,FL,33647,617-69-5713,1994-12-11
90,Salmon,Kanzler,72 Corben Terrace,Louisville,KY,40298,689-50-4831,1980-09-28
92,Heywood,O'Fallone,2021 Evergreen Park,Phoenix,AZ,85015,740-42-7710,1995-11-13
94,Odella,Ughelli,91 Swallow Point,Decatur,GA,30089,838-89-5439,1982-12-22
96,Roth,Letteresse,87 Barnett Drive,Boulder,CO,80305,380-12-6809,1999-07-14
98,Nickolaus,Attyeo,7407 Pleasure Way,Reading,PA,19610,436-66-2310,1992-07-15
100,Skippy,Piecha,6004 Bunker Hill Crossing,Springfield,IL,62756,708-85-2670,1986-10-16
102,Cindy,Soppit,817 Oak Hill,Huntington,WV,25721,494-86-7686,1999-05-26
104,Lawry,Hailes,7 International Hill,Augusta,GA,30919,164-30-3431,1990-07-22
106,Carey,O'Neill,7 Schiller Parkway,Indianapolis,IN,46207,824-13-9387,1991-05-22
108,Mendie,Brolan,40 Eagle Crest Junction,Houston,TX,77085,795-21-5483,1996-10-03
110,Lindon,Byforth,07 Talmadge Pass,Rockville,MD,20851,156-06-5553,1987-09-05
112,Jewelle,Beaconsall,03 Barby Circle,Austin,TX,78764,409-25-7541,1995-03-20
114,Zorana,Larenson,445 Carpenter Point,Myrtle Beach,SC,29579,325-76-8381,1995-10-15
116,Gunther,Drillot,36 Glacier Hill Pass,Frankfort,KY,40618,117-86-6361,1989-05-13
118,Weber,Yankishin,9 Moland Point,Tacoma,WA,98447,547-89-7690,1999-10-07
120,Ameline,Yakhin,7802 Village Avenue,Harrisburg,PA,17110,284-76-5809,1992-05-13
122,Don,Hull,81655 Corry Center,Indianapolis,IN,46247,432-03-8527,1985-10-07
124,Marc,Ferrierio,08277 Walton Court,Bethesda,MD,20892,455-56-6451,1995-08-21
126,Pete,Pilsworth,55956 Badeau Alley,San Antonio,TX,78285,692-77-3724,1995-03-20
128,Ladonna,Pratte,0468 Lake View Parkway,Phoenix,AZ,85083,475-39-7492,1991-03-11
130,Camellia,Szabo,02407 Golf Course Pass,Sacramento,CA,94297,103-85-1042,1991-08-16
132,Lucina,Dockreay,2908 Michigan Pass,Houston,TX,77020,498-38-2628,1999-04-04
134,Philomena,Hetterich,1926 Novick Plaza,Irvine,CA,92717,196-43-7900,1993-02-14
136,Boothe,McGilleghole,830 Maple Lane,Roanoke,VA,24040,610-81-6215,1993-08-07
138,Susanna,Menier,5064 Acker Pass,Morgantown,WV,26505,245-65-7032,1999-10-14
140,Thor,Bareford,1 Fairview Street,Birmingham,AL,35290,200-29-7135,1997-09-10
142,Maryann,Farress,08660 Kenwood Terrace,Anderson,IN,46015,699-45-3611,1983-10-30
144,Shelton,Stonner,98 Village Green Road,Washington,DC,20226,402-04-0333,1991-08-01
146,Theodoric,Bourgour,16936 Tennyson Drive,Van Nuys,CA,91499,495-83-1188,1993-07-12
148,Toinette,Pawden,65938 Manitowish Junction,Miami,FL,33142,216-91-4005,1985-02-12
150,Paulie,Goede,8 Summerview Road,Kansas City,MO,64160,328-49-5717,1993-08-13
152,Marga,Eckersley,82527 Ramsey Street,Kansas City,MO,64144,383-84-6654,1984-12-17
154,Arda,Noton,33582 Farragut Lane,Herndon,VA,22070,783-57-6165,2000-06-10
156,Gillie,Skyrm,562 Barby Place,Dallas,TX,75323,888-82-1371,1980-07-14
158,Roderick,Nias,9071 Susan Avenue,Colorado Springs,CO,80951,163-79-1559,1987-04-06
160,Tiffy,Besemer,27723 Westport Court,Mountain View,CA,94042,593-50-0812,1995-01-13
162,Jackie,Huband,911 Lien Pass,Memphis,TN,38143,772-40-2585,1985-08-04
164,Thayne,Poyzer,1 Straubel Parkway,Baltimore,MD,21239,133-18-2530,1999-10-30
166,Benedicta,Lydford,958 Annamark Place,New York City,NY,10045,115-36-8566,1980-08-27
168,Zak,Kinnaird,0 Esker Road,Alexandria,LA,71307,606-36-8362,1980-08-11
170,Dewey,Fentem,70884 Old Shore Hill,Lexington,KY,40546,316-62-0390,1987-03-03
172,Sharl,Olivo,9 Lukken Road,San Francisco,CA,94105,839-82-4144,1984-07-05
174,Haskell,Kubanek,0 Mayer Trail,Fort Wayne,IN,46814,381-29-6589,1994-11-02
176,Max,Collett,5 Maple Crossing,Louisville,KY,40210,780-95-2116,1991-06-23
178,Lynsey,Matousek,3 Almo Road,Kansas City,MO,64142,471-80-4057,2000-02-12
180,Carolann,Bemwell,3152 Westend Crossing,Lakeland,FL,33805,849-83-5391,1988-03-17
182,Gael,Turban,703 Northwestern Junction,Stamford,CT,06905,586-97-1655,1981-12-10
184,Leone,Durbin,2471 Prairieview Pass,Charlotte,NC,28225,731-92-0056,1991-05-06
186,Darren,Vas,5780 Harper Terrace,Houston,TX,77255,375-91-6489,1981-05-31
188,Forrest,Hartzog,24 Ruskin Park,Chicago,IL,60652,739-28-2330,1982-11-15
190,Cammie,Mcwhinney,8 Morrow Pass,Portland,OR,97286,682-04-4499,1988-07-26
192,Gaby,Chateau,5 Stuart Alley,Jacksonville,FL,32215,255-31-4387,1987-10-15
194,Kristo,Clemenza,255 Algoma Terrace,San Antonio,TX,78291,179-12-3783,1983-04-03
196,Wenonah,Duffield,5098 Tennyson Place,San Jose,CA,95150,378-80-9540,1989-07-22
198,Bert,Jobling,363 Dahle Circle,Rockford,IL,61105,329-40-0367,1997-09-26
200,Lorne,Muzzlewhite,2 Surrey Place,East Saint Louis,IL,62205,469-59-5465,1990-11-04
202,Claire,Taffley,1259 Sundown Court,Omaha,NE,68117,580-64-7913,1983-03-16
204,Peadar,Farington,625 Toban Alley,Birmingham,AL,35215,498-17-5830,1981-12-07
206,Olivier,Pietesch,80779 Anzinger Lane,New York City,NY,10019,479-74-5295,1985-09-12
208,Justin,Aldcorne,6184 Huxley Alley,Waterbury,CT,06721,682-20-1443,1994-04-14
210,Ilyse,Fleisch,22 Sutteridge Junction,Topeka,KS,66617,706-17-9104,1992-07-28
212,Scottie,Terry,88 Goodland Junction,Atlanta,GA,30375,320-22-7900,1996-01-11
214,Milli,Grimes,0500 Lakewood Gardens Crossing,Alpharetta,GA,30022,264-66-3921,1982-09-28
216,Tiffani,Tunnoch,6482 Iowa Way,Savannah,GA,31410,105-53-1881,1989-09-22
218,Cammie,Grundy,06710 Pawling Road,Las Vegas,NV,89130,206-07-0261,1998-06-07
220,Sophi,Gallemore,7949 Pankratz Alley,Phoenix,AZ,85053,307-78-9159,1995-07-03
222,Hana,Showte,7031 Corry Way,Springfield,IL,62711,467-56-5389,1984-06-07
224,Gracie,Kingdon,981 Lighthouse Bay Place,Montgomery,AL,36125,194-64-0944,1993-05-20
226,Anne,Crowth,9 Starling Parkway,Anaheim,CA,92812,556-50-7562,1980-08-15
228,Debbi,Lymbourne,4786 North Court,Sioux City,IA,51110,114-31-3381,1981-07-24
230,Dominik,Duncanson,36131 Karstens Road,Austin,TX,78789,236-94-2842,1992-12-02
232,Virge,Costock,569 Canary Road,Oakland,CA,94627,172-41-4569,1985-06-25
234,Elfie,Fenimore,1264 Manley Pass,Minneapolis,MN,55407,775-58-2929,1982-05-31
236,Lyssa,Sheering,335 Miller Court,Toledo,OH,43635,279-03-6782,2000-04-24
238,Calida,Kleinstern,51 Bartillon Court,Providence,RI,02912,496-32-9089,1998-09-05
240,Ab,Jendrusch,8777 Graedel Alley,Sandy,UT,84093,426-42-8133,1994-12-16
242,Ninon,McGlue,23380 Vidon Trail,Houston,TX,77015,425-39-1397,1982-04-15
244,Missie,Scotchmer,4 Westport Pass,Allentown,PA,18105,719-38-1344,1991-06-24
246,Vicki,Bolderstone,7 Shoshone Road,Indianapolis,IN,46254,330-20-0845,1992-08-05
248,Jeff,Haffenden,35784 Division Junction,Ogden,UT,84403,779-74-7001,1992-07-07
250,Giacinta,Bartholomieu,06116 Sutteridge Place,Aurora,CO,80044,713-40-1099,1982-08-20
252,Guillaume,Abrehart,7 Mitchell Park,Port Charlotte,FL,33954,757-67-2268,2000-04-21
254,Maryjo,Lenton,8 Oakridge Circle,Gastonia,NC,28055,240-32-0362,1982-04-13
256,Shoshana,Trunks,462 Schiller Crossing,Gaithersburg,MD,20883,712-62-5469,1987-10-29
258,Tab,Neve,54 Clarendon Junction,Torrance,CA,90510,227-10-5586,1993-03-04
260,Raphael,Peschka,79 Independence Point,Washington,DC,20575,584-74-9128,1986-04-13
262,Margaretta,Duchan,85171 Porter Center,Oklahoma City,OK,73152,472-35-3193,1987-03-02
264,Taite,Peracco,57 Annamark Terrace,Erie,PA,16550,850-86-4754,1982-11-07
266,Marilee,Covil,70293 Lighthouse Bay Street,Spokane,WA,99210,882-21-3512,1989-12-13
268,Uriel,Miell,59652 Logan Parkway,New York City,NY,10280,654-43-5341,1992-07-06
270,Blaine,Clegg,5 Dayton Center,Denver,CO,80228,878-68-4587,1996-11-25
272,Lodovico,Toleman,31 Stang Drive,Athens,GA,30610,277-16-4332,1993-04-16
274,Randi,Dawdary,141 Oakridge Pass,Portland,OR,97240,162-62-3996,1981-03-05
276,Pamella,Hurdiss,09 Fulton Point,Atlanta,GA,31196,897-97-4654,1997-07-21
278,Stacee,Garaway,43262 Londonderry Plaza,Pasadena,CA,91199,349-22-7747,1981-09-29
280,Alexio,Gregson,30 Mallory Crossing,Seattle,WA,98148,780-56-9227,1991-07-27
282,Alexis,Kitteringham,24 Mcbride Junction,Atlanta,GA,31106,239-54-0372,1984-08-12
284,Kellina,Cotman,407 Tennyson Plaza,Fayetteville,NC,28305,836-58-7697,1989-10-15
286,Maynord,Wickes,65 Mariners Cove Pass,Dallas,TX,75310,624-19-6753,1985-08-17
288,Thorn,Golding,34050 Carey Center,Asheville,NC,28815,149-09-0319,1988-03-14
290,Karissa,Hagergham,862 Katie Junction,Saint Paul,MN,55123,421-93-6129,1989-02-25
292,Janaya,Escalante,73709 Stephen Court,Fresno,CA,93709,691-98-6313,1995-07-31
294,Archie,Gouldbourn,2 Tony Lane,Jackson,MS,39204,897-51-5352,1983-06-15
296,Rosamond,Binnell,8191 Twin Pines Place,Terre Haute,IN,47812,231-21-7589,1982-01-04
298,Gaye,De Roberto,993 Sachs Plaza,San Jose,CA,95113,823-71-0017,1990-08-12
300,Ali,Anger,81495 Artisan Court,Kansas City,MO,64130,678-94-7125,1994-09-21
302,Malchy,Demschke,7786 Parkside Street,Fort Lauderdale,FL,33325,356-01-4742,1991-10-28
304,Godfrey,Dimblebee,0260 Memorial Lane,Des Moines,IA,50936,148-63-7346,1994-06-14
306,Kerrie,Mieville,826 Clove Trail,Oklahoma City,OK,73142,742-58-0169,1987-08-27
308,Stephanie,Vynoll,5 5th Road,Houston,TX,77010,286-19-2203,1992-08-11
310,Layne,Wyllt,113 Marquette Lane,Phoenix,AZ,85045,706-24-6459,1985-10-07
312,Pepita,Sabina,44322 Linden Street,Phoenix,AZ,85099,720-27-5986,1982-09-20
314,Amory,Casazza,036 Morningstar Crossing,Santa Barbara,CA,93150,794-87-5418,1991-08-21
316,Kora,Kerrigan,440 Scott Circle,Santa Cruz,CA,95064,851-08-0062,1997-01-12
318,Ollie,Lavrinov,68 Onsgard Parkway,Des Moines,IA,50320,210-29-5543,1982-01-27
320,Ermin,Tordiffe,8 Eliot Hill,Los Angeles,CA,90071,831-79-1410,1986-04-10
322,Mandel,Brixey,3338 Merchant Trail,Minneapolis,MN,55402,172-62-6812,1996-06-28
324,Agustin,Bardell,0825 Hollow Ridge Pass,Houston,TX,77040,237-24-0548,1989-10-04
326,Florence,Minter,1150 Hanson Pass,Columbus,OH,43210,780-37-7030,1987-07-26
328,Ferris,Mowen,80105 Clyde Gallagher Plaza,Pittsburgh,PA,15274,182-17-9184,1986-04-04
330,Adey,Cordobes,74102 Fordem Trail,Fairfax,VA,22036,264-48-6937,1988-12-12
332,Melisenda,Gremain,31753 Becker Hill,Cleveland,OH,44197,789-72-2226,1988-10-28
334,Harlin,Wemm,62547 Coleman Trail,Waco,TX,76796,553-25-8390,1986-12-11
336,Tracie,McKeveney,365 Clarendon Crossing,Springfield,IL,62764,331-83-1629,1984-07-10
338,Lowe,Netley,5 Larry Court,Maple Plain,MN,55579,462-73-0113,1993-07-03
340,Herc,Swyndley,9 Holmberg Lane,Huntsville,AL,35895,241-65-0707,1982-04-03
342,Maryellen,Helks,9 Hayes Hill,Houston,TX,77281,472-52-2253,1991-09-19
344,Bettina,Reilly,4436 Hanover Center,Salt Lake City,UT,84189,521-74-4761,1997-03-19
346,Maiga,Hirjak,36989 Becker Lane,Chicago,IL,60697,185-41-9216,1983-03-23
348,Lorne,Neilly,0143 Marcy Lane,Topeka,KS,66617,626-82-6751,1985-06-29
350,Ofilia,Jendricke,015 Manufacturers Avenue,Juneau,AK,99812,634-76-5646,1998-12-31
352,Nikos,Seeks,1 Village Green Park,Sacramento,CA,94207,602-70-1687,1987-10-23
354,Errick,Lemmen,2442 Artisan Hill,Honolulu,HI,96820,456-38-2917,1988-03-07
356,Raynor,Eubank,8 Charing Cross Pass,Dallas,TX,75221,113-92-7659,1984-04-01
358,Meara,Degoix,8 Dahle Road,Houston,TX,77040,194-52-2233,1987-04-14
360,Maegan,Klement,10558 Westport Park,Chicago,IL,60619,485-36-1554,1995-05-27
362,Staford,Mullany,1718 Marquette Avenue,Louisville,KY,40233,886-97-0044,1985-07-29
364,Cordula,Lovelace,0055 Northport Crossing,Cincinnati,OH,45296,448-99-7276,1993-03-14
366,Celina,Seakes,17212 Annamark Alley,Birmingham,AL,35295,416-02-6460,1983-02-25
368,Ode,Tiptaft,37 Carioca Point,Falls Church,VA,22047,675-24-6179,1986-06-02
370,Marthe,Simeone,75978 Basil Park,Houston,TX,77218,614-60-1898,1984-02-24
372,Phip,Klasing,60 Oriole Crossing,Greensboro,NC,27415,239-55-3863,1987-11-28
374,Emmit,Ind,98 West Parkway,Detroit,MI,48258,483-69-2403,1992-01-11
376,Catie,Trevaskus,3 Buhler Center,Buffalo,NY,14220,838-82-8787,1998-12-24
378,Iver,Gillivrie,59 Eastwood Center,Erie,PA,16534,134-47-8695,1984-02-18
380,Hilario,Tumielli,53 Cordelia Circle,Oklahoma City,OK,73152,836-33-6364,1992-08-02
382,Aubry,Moralas,9617 Scofield Street,Galveston,TX,77554,238-98-4526,1982-11-14
384,Margalo,Windebank,59415 Bultman Road,New York City,NY,10045,458-01-6672,1981-06-01
386,Cassie,Parkyns,4 Clarendon Parkway,Warren,OH,44485,204-62-7290,1988-04-05
388,Oby,Amner,16 Cordelia Place,Salt Lake City,UT,84135,617-79-5208,1998-09-29
390,Mariette,Janks,328 Kipling Avenue,Humble,TX,77346,307-23-4531,1997-11-14
392,Babbette,Bennie,652 Clarendon Point,Biloxi,MS,39534,419-11-0932,1995-06-12
394,Crawford,Morch,6 Hagan Hill,Torrance,CA,90510,853-27-7766,1994-06-15
396,Kippar,Kirkwood,013 Paget Street,Durham,NC,27705,370-84-8963,1997-04-24
398,Giavani,Rollett,974 Loomis Center,Modesto,CA,95354,116-44-8302,1981-10-05
400,Ilene,McGerraghty,36919 Sullivan Street,Phoenix,AZ,85099,878-68-3108,1982-05-14
402,Giana,O'Hederscoll,55 Carberry Drive,Philadelphia,PA,19160,751-63-4580,1986-09-18
404,Arthur,Clancey,5597 Sutteridge Pass,Anderson,IN,46015,497-37-5389,1999-11-04
406,Petunia,Vevers,15 Merchant Avenue,Salem,OR,97312,459-53-3306,1988-07-23
408,Marybeth,Domby,39 Ilene Avenue,Santa Ana,CA,92705,593-12-9740,1983-07-03
410,Ty,Muncaster,3 Becker Lane,San Rafael,CA,94913,537-57-9457,1983-11-03
412,Vikki,Manifield,711 Main Avenue,Houston,TX,77240,399-70-4208,1989-04-20
414,Carine,Cannicott,84 Carpenter Avenue,Phoenix,AZ,85000,843-17-1947,1982-07-07
416,Mimi,Gawthrope,55 Truax Way,Charlotte,NC,28284,877-53-4596,1987-10-12
418,Lazare,Emons,9312 Di Loreto Junction,Salt Lake City,UT,84140,482-64-1113,1998-02-25
420,Oliver,Freund,7666 Susan Road,Knoxville,TN,37919,188-16-1858,1999-12-09
422,Livvyy,Jacox,42682 Del Sol Crossing,Cambridge,MA,02142,813-68-6587,1994-09-24
424,Blithe,Wornum,04377 Spohn Crossing,Portland,OR,97229,332-30-0107,1982-02-17
426,Kalvin,Rowbotham,31 Waubesa Lane,Richmond,VA,23289,431-09-4265,1994-06-30
428,Tomi,Dayne,878 Center Hill,Saint Louis,MO,63169,155-08-3331,1991-10-05
430,Mack,Verzey,694 Crowley Park,Pasadena,CA,91103,388-81-7906,1984-08-07
432,Glynn,Bettley,63146 Nelson Junction,Visalia,CA,93291,634-53-8982,1984-04-23
434,Onida,Jozaitis,8973 Village Court,Young America,MN,55573,584-98-9711,1982-12-12
436,Marcy,Konzel,84571 Lotheville Center,Las Vegas,NV,89115,879-32-6447,1988-06-20
438,Sayres,Bickell,4 Jenna Way,Washington,DC,20244,733-94-3321,1988-01-25
440,Powell,Fripps,45 Melby Circle,Anchorage,AK,99507,366-52-0302,1982-01-31
442,Andy,Matyushonok,14656 High Crossing Park,Philadelphia,PA,19160,392-50-5072,1980-07-04
444,Thacher,Lanchester,64 Mariners Cove Lane,Charleston,SC,29424,259-35-4794,1988-10-11
446,Bucky,Dummett,84 Oriole Crossing,New Hyde Park,NY,11044,459-15-2933,1993-01-06
448,Charisse,Crennell,362 Corben Court,Dallas,TX,75310,172-83-5562,1989-11-03
450,Rochester,Davidow,87117 Lawn Alley,Houston,TX,77206,690-98-6715,2000-04-30
452,Richy,Earthfield,67366 Summit Plaza,Houston,TX,77201,783-71-5659,1996-11-17
454,Freedman,Hazzard,0225 Hoard Lane,Akron,OH,44321,543-38-9619,1982-08-21
456,Niels,McIvor,4 Delladonna Avenue,Tampa,FL,33605,690-95-6290,1985-08-07
458,Skippie,Jagoe,3830 Green Ridge Road,Racine,WI,53405,850-76-1129,1984-12-06
460,Erina,Acres,5 Gale Way,Kent,WA,98042,712-64-7640,1998-03-22
462,Justin,Wallworth,03692 Bartelt Point,Melbourne,FL,32941,795-60-7419,1996-04-16
464,Eberhard,Eddowes,1406 Vahlen Street,Hot Springs National Park,AR,71914,516-07-1527,1982-01-29
466,Tabbatha,Gillebert,4619 Nancy Court,Kingsport,TN,37665,209-66-7361,1984-08-29
468,Suzie,Mc Grath,868 Lake View Street,Houston,TX,77218,660-57-8843,2000-02-11
470,Naomi,Connah,2 Sommers Way,Miami Beach,FL,33141,656-13-2380,1987-11-17
472,Linette,Penrose,6 Pennsylvania Plaza,Shawnee Mission,KS,66205,645-28-1029,1981-02-02
474,Giuseppe,Hintzer,15 Wayridge Trail,Modesto,CA,95397,398-66-1358,1999-09-07
476,La verne,Franckton,387 Butterfield Place,Houston,TX,77015,237-56-7941,1996-10-01
478,Lizzie,Monahan,781 Upham Pass,Los Angeles,CA,90189,473-35-9060,1994-05-19
480,Loise,Althrop,030 Hanson Trail,El Paso,TX,88546,578-23-2346,1993-12-02
482,Ricky,Bowdon,0407 Helena Circle,Dayton,OH,45408,705-33-6795,1997-07-24
484,Lorene,Wheildon,455 Barnett Court,Wilmington,DE,19886,402-30-5338,1995-10-09
486,Cookie,Klimowski,99 Loeprich Parkway,Omaha,NE,68105,627-08-0056,1985-10-24
488,Madeleine,Laimable,6833 Larry Drive,Houston,TX,77050,558-85-2983,1982-01-14
490,Evelin,Guilloud,14466 Raven Point,Tallahassee,FL,32399,115-16-0127,1994-02-21
492,Susy,McKinn,91278 Columbus Crossing,Kansas City,MO,64142,694-05-3653,1987-05-24
494,Gabie,Jakobsson,6127 American Drive,Peoria,IL,61614,859-60-6630,1991-10-05
496,Velma,Olijve,92893 Carpenter Trail,New York City,NY,10210,690-35-0530,1991-10-03
498,Rozanna,Borg-Bartolo,47 Crownhardt Avenue,Toledo,OH,43699,765-64-2943,1996-09-15
500,Gaspar,Long,8 Reindahl Crossing,Albuquerque,NM,87115,580-02-0599,1998-02-24
502,Hester,Mardy,40119 Manufacturers Pass,Orlando,FL,32825,326-38-1325,1996-07-07
504,Nikolaus,Harold,49679 Loomis Point,Washington,DC,20414,282-17-2325,1989-06-15
506,Thatch,Lattos,99 Norway Maple Plaza,Washington,DC,20540,660-38-7282,1981-01-05
508,Cesaro,Ben,8 Roth Terrace,Gainesville,GA,30506,800-47-2074,1987-02-28
510,Glen,Werrett,638 Trailsway Circle,San Francisco,CA,94110,238-29-5912,1984-10-03
512,Fifine,Sindell,410 Esch Parkway,Fort Lauderdale,FL,33325,232-06-0804,1997-07-29
514,Corbett,Crumbie,343 Fairfield Court,New Orleans,LA,70124,619-50-3046,1984-05-16
516,Iggie,Mackett,7 Utah Park,Boca Raton,FL,33432,224-44-5023,1995-10-06
518,Alexa,Brash,80648 Reindahl Lane,Albany,NY,12222,631-82-3801,1993-02-23
520,Otto,Castagne,80260 Pleasure Street,Denton,TX,76205,178-75-5653,1997-08-01
522,Rhett,Boggas,88648 Brentwood Lane,New York City,NY,10090,111-78-6613,1991-09-10
524,Ammamaria,Hardwich,64 Scoville Court,Boise,ID,83727,581-66-4289,1989-03-08
526,Hogan,Rowlstone,0 Cottonwood Center,Detroit,MI,48258,602-22-0820,1981-11-23
528,Leisha,Finnigan,37 Anderson Circle,Sacramento,CA,94273,782-95-5504,1981-03-30
530,Filberte,Portt,0966 Eliot Terrace,Washington,DC,20210,445-55-7902,1995-10-21
532,Dougy,Habbon,799 Hooker Way,San Jose,CA,95133,475-97-8369,2000-02-21
534,Violante,Gabbetis,3624 Menomonie Trail,Washington,DC,20580,815-71-4669,2000-01-31
536,Yanaton,Harbage,405 Spohn Place,Tuscaloosa,AL,35487,749-11-4702,1985-03-26
538,Ogdon,Toping,2272 Westport Court,Milwaukee,WI,53220,543-93-6005,1997-08-20
540,Nobie,Freyn,11972 Mcguire Pass,Flushing,NY,11388,202-22-7645,1995-03-02
542,Jennie,Bish,7007 Red Cloud Place,Miami,FL,33185,453-68-7086,1990-01-18
544,Bayard,Labrow,70851 Dexter Parkway,Nashville,TN,37210,345-09-6267,1995-02-09
546,Minny,Dowrey,780 Arkansas Drive,Wilkes Barre,PA,18706,620-70-7876,1996-12-05
548,Felicio,Burnyeat,291 Brown Road,Lubbock,TX,79491,878-33-4964,1990-01-28
550,Fabera,Ivannikov,45 Helena Center,Roanoke,VA,24024,628-46-3073,1996-03-13
552,Tisha,Styant,28 Comanche Street,Philadelphia,PA,19191,479-85-9007,1981-04-20
554,Lev,Alam,3310 Menomonie Drive,Lincoln,NE,68524,105-55-3131,1986-09-07
556,Torrence,Kubat,7125 Sutherland Crossing,Knoxville,TN,37919,356-04-9930,1999-05-04
558,Wilbur,Saintpierre,553 Crownhardt Plaza,Columbus,GA,31904,399-87-2626,1990-09-12
560,Lila,Autin,953 Brentwood Terrace,Youngstown,OH,44555,889-89-2978,1992-12-28
562,Donnajean,Mathwen,00931 Muir Circle,Salt Lake City,UT,84110,726-55-0379,2000-03-02
564,Teddie,Ostler,23330 Alpine Terrace,Denton,TX,76210,394-92-2577,1986-05-13
566,Jacobo,Borwick,081 Bluestem Hill,Syracuse,NY,13251,114-85-0680,1998-09-06
568,Nestor,Wilshere,1398 American Way,Charlotte,NC,28299,265-93-6489,1998-08-29
570,Marybelle,Heggie,19308 Marquette Circle,Lafayette,LA,70505,695-86-6148,1997-03-26
572,Darrick,Rosling,2 5th Plaza,Rochester,NY,14683,724-88-3216,1995-10-17
574,Aron,Brandassi,783 Westport Alley,Charlotte,NC,28220,107-73-7698,1982-08-20
576,Dody,Gwinn,06 Crowley Lane,West Palm Beach,FL,33416,217-62-4653,2000-04-04
578,Sena,Nuth,32394 Garrison Park,Dallas,TX,75358,856-17-4271,1988-12-28
580,Marysa,Arundale,60 Donald Road,Madison,WI,53790,780-75-6455,1996-07-05
582,Dana,Healey,53 Shopko Parkway,Tampa,FL,33605,885-02-4403,1992-03-12
584,Rollie,Maggiori,44092 Trailsway Circle,Albuquerque,NM,87201,555-54-3779,1995-07-07
586,Heida,Whitworth,1173 Basil Avenue,Anchorage,AK,99512,447-15-9747,2000-03-10
588,Heall,Killerby,198 Mariners Cove Circle,Nashville,TN,37235,554-91-4436,1996-10-16
590,Tan,Feyer,790 Commercial Point,Orlando,FL,32813,573-94-7848,1999-05-11
592,Felisha,Kale,18 Basil Drive,Kansas City,MO,64101,339-56-4577,1994-12-03
594,Zonda,Marder,764 Kim Way,Huntsville,TX,77343,448-17-6887,1986-01-05
596,Kai,Ciccottini,460 Fuller Pass,Ridgely,MD,21684,190-54-7735,1992-07-19
598,Timmy,McGaugan,7358 Pepper Wood Road,Saint Petersburg,FL,33715,104-22-3755,1985-04-23
600,Ardene,Siddeley,6 Heffernan Court,Wilmington,NC,28410,584-35-3549,1984-12-08
602,Brandy,Alster,941 Bunting Hill,Fort Lauderdale,FL,33330,363-87-3579,1996-06-03
604,Mollee,Migheli,1604 3rd Plaza,Hartford,CT,06183,839-89-8242,1991-09-29
606,Alene,Oldroyde,731 Stoughton Lane,San Francisco,CA,94169,543-43-1986,1986-01-25
608,Janeva,Fasler,3886 Stuart Plaza,Tulsa,OK,74170,535-03-5076,1991-05-18
610,Clarisse,Gooderham,55796 Golf Avenue,Boca Raton,FL,33432,825-67-9130,1996-02-02
612,Atlante,Palliser,77612 Cherokee Center,Minneapolis,MN,55487,169-99-6569,1986-09-08
614,Felicity,Eyam,732 Mallory Place,Richmond,VA,23260,245-42-9858,1981-02-13
616,Nanni,Sainte Paul,6 Dawn Avenue,Tampa,FL,33610,533-33-0385,1994-12-11
618,Craig,Hugenin,7 Chinook Parkway,Escondido,CA,92030,306-71-0916,1983-08-31
620,Edgard,Burleigh,930 Packers Plaza,San Antonio,TX,78215,243-13-4656,2000-05-02
622,Kingsly,Filippello,31071 Johnson Pass,Lubbock,TX,79491,654-10-4628,1986-01-07
624,Thorny,Jeacock,738 Spohn Crossing,Aurora,CO,80045,738-45-3472,1995-03-04
626,Gunther,Hambric,5 Jackson Pass,Shreveport,LA,71161,634-48-9133,1987-11-24
628,Thorpe,Allmark,8 Lakewood Gardens Hill,Fargo,ND,58122,353-30-5976,1995-05-21
630,Lindsay,Maydway,716 Cascade Parkway,Glendale,AZ,85311,327-91-7353,1999-02-16
632,Augustine,Slide,2333 Hoffman Road,Washington,DC,20016,254-51-2677,1987-06-01
634,Cyrus,Olifard,50 Farmco Plaza,Phoenix,AZ,85005,143-47-3510,1986-08-11
636,Juli,Laydon,0734 Stang Alley,Decatur,GA,30089,781-46-6008,1980-07-09
638,Wren,Ruoff,3605 Sycamore Drive,Abilene,TX,79699,808-96-9905,1989-11-14
640,Melonie,Arnao,444 Pankratz Parkway,Memphis,TN,38197,348-02-4579,1984-04-10
642,Margy,Rowlinson,0 Anhalt Circle,Sarasota,FL,34238,431-95-7643,1992-06-11
644,Tabby,Chenery,32465 Fordem Avenue,Philadelphia,PA,19125,321-56-6424,1991-06-01
646,Manuel,Sanbroke,441 Autumn Leaf Point,Stockton,CA,95298,671-95-3225,1989-07-09
648,Kizzie,Wanek,6 Hermina Circle,Seattle,WA,98140,733-10-0005,1987-11-24
650,Neils,Swinnard,11 Bunting Place,Arlington,VA,22244,210-34-5689,1983-12-27
652,Hamel,Duck,955 Moose Parkway,Jackson,MS,39236,444-43-4656,1998-11-30
654,Duffy,Rosi,45 Blue Bill Park Pass,New Orleans,LA,70124,713-75-0543,1999-08-22
656,Charil,Jeske,164 Thompson Avenue,Dallas,TX,75358,815-72-6910,1982-05-12
658,Georas,Matschuk,39677 Macpherson Crossing,Springfield,MA,01152,301-22-5929,1981-08-05
660,Waneta,Kemmis,02020 Meadow Vale Pass,Columbus,GA,31998,368-74-7384,1984-03-04
662,Hope,Switland,5 Carey Avenue,Wichita,KS,67236,529-80-4227,1990-04-29
664,Pauli,Beidebeke,5 Ramsey Hill,Plano,TX,75074,706-59-2066,2000-05-30
666,Blondy,Canfer,5077 Beilfuss Terrace,Toledo,OH,43656,551-40-9080,2000-01-18
668,Stormy,Karlqvist,70031 Eagle Crest Trail,Richmond,VA,23242,876-19-1666,1992-03-20
670,Karylin,Imos,92 Jana Circle,Savannah,GA,31416,679-13-2740,1986-01-05
672,Loree,Iskow,1504 Del Mar Avenue,Corpus Christi,TX,78475,370-62-2702,1996-05-25
674,Dillie,Vinsen,0634 Welch Avenue,Santa Fe,NM,87592,576-72-8776,1996-12-25
676,Way,Beyn,25544 Shoshone Circle,Honolulu,HI,96820,231-63-7354,1989-12-05
678,Tedra,Plewright,2596 Hoard Alley,Washington,DC,20268,411-25-6934,1989-06-30
680,Katee,Gorsey,1 Hintze Court,San Jose,CA,95150,213-38-7925,1987-11-17
682,Levin,Manford,404 Prairie Rose Park,Santa Rosa,CA,95405,522-91-0465,1987-02-26
684,Celisse,Rolls,75 Southridge Road,Fairbanks,AK,99790,100-70-7982,1980-08-15
686,Davy,Spinney,5 Sage Trail,Carson City,NV,89706,673-09-9454,1984-06-13
688,Brandea,Repper,7418 Scoville Center,Monroe,LA,71213,481-12-1610,1991-09-12
690,Winnie,Theaker,22 Colorado Pass,Charleston,WV,25305,356-19-1131,1986-04-14
692,Vickie,Massy,86 Schlimgen Pass,Fort Myers,FL,33994,436-93-8089,1986-07-27
694,Maris,Busby,951 Victoria Place,Bethlehem,PA,18018,147-44-4671,1984-02-01
696,Melamie,Crust,734 Farwell Lane,Virginia Beach,VA,23454,487-14-8697,1987-08-30
698,Abbi,Gaynes,080 Jay Junction,Amarillo,TX,79188,366-35-8947,1988-10-31
700,Yoshiko,Letts,5 Graceland Junction,Atlanta,GA,31119,606-57-0195,1986-06-13
702,Bucky,McAllen,680 Holmberg Point,Pensacola,FL,32511,580-08-2608,1996-05-20
704,Selestina,Tinline,1546 Eliot Drive,Dallas,TX,75216,609-94-4256,1981-10-07
706,Lise,Wallworth,10 Grim Way,Miami,FL,33180,546-04-8406,1995-07-11
708,Emmye,Adshad,8 Dorton Trail,Columbia,MO,65211,704-79-6596,1990-05-18
710,Tony,Balmforth,7913 Everett Road,Louisville,KY,40210,200-82-1400,1998-09-25
712,Gilburt,Adame,55339 Merchant Street,Albany,NY,12262,568-68-2709,1987-06-11
714,Mayne,Shitliff,767 Brickson Park Crossing,Washington,DC,20420,531-56-2928,1981-12-31
716,Phillie,Meco,90602 Cambridge Court,Fort Smith,AR,72905,797-65-2120,1981-12-03
718,Niles,Castelow,54 Erie Alley,Minneapolis,MN,55412,740-69-4920,1986-03-22
720,Grannie,Ackrill,6 Texas Park,Atlanta,GA,30323,693-98-1600,1986-01-12
722,Shaun,Barfield,6 Maple Point,Roanoke,VA,24040,258-93-4452,1981-09-27
724,Sharity,Ronaghan,39 Blaine Place,San Francisco,CA,94116,141-68-9542,1993-08-24
726,Daron,Nezey,060 Steensland Crossing,Orlando,FL,32859,325-49-0182,1989-04-12
728,Aida,Slyde,398 Washington Hill,Wichita,KS,67205,333-93-1700,1989-09-11
730,Essa,Cuel,53 Melody Street,Scranton,PA,18505,352-15-0696,1996-10-04
732,Felicia,Sarson,5748 Mallard Circle,Tulsa,OK,74116,567-73-4611,1984-06-13
734,Corrinne,Scholtis,5 Killdeer Plaza,Louisville,KY,40225,842-67-9172,1981-02-14
736,Wilow,Everit,541 Walton Avenue,Denver,CO,80209,737-26-6720,1993-09-21
738,Brit,Sibbet,17 Sauthoff Road,Palmdale,CA,93591,117-80-5581,1997-09-22
740,Burl,Kelwick,9012 Northfield Court,New Orleans,LA,70116,414-49-4387,1999-01-20
742,Batsheva,Agar,9 Wayridge Circle,Saint Louis,MO,63169,228-49-2431,1982-05-19
744,Penelope,Straffon,1684 Thierer Way,Arlington,VA,22234,814-75-5594,1988-02-02
746,Velvet,MacAfee,98 Ohio Lane,Topeka,KS,66617,147-13-8782,1984-05-27
748,Karen,Drinkall,26733 Gulseth Hill,Durham,NC,27710,630-60-6800,1999-03-07
750,Mia,Skerm,517 Hallows Road,Anchorage,AK,99599,346-16-7328,2000-05-14
752,Emiline,Brigginshaw,14 Harbort Parkway,Atlanta,GA,31136,356-59-7009,1981-03-13
754,Dunn,Gilffilland,9 Granby Avenue,Miami,FL,33261,686-90-5257,1994-09-09
756,Cleon,Behnecke,67 Boyd Road,Charlotte,NC,28256,239-46-8066,1991-01-24
758,Mathias,Pettecrew,13238 Columbus Pass,Austin,TX,78732,540-74-2364,1984-03-01
760,Clyde,Fudger,105 Clemons Way,Littleton,CO,80161,439-34-0390,1997-06-30
762,Jemmy,Kirkham,641 Carberry Circle,El Paso,TX,79940,890-38-0394,1988-05-27
764,Bryna,Manuelli,3 Kennedy Park,Des Moines,IA,50320,550-54-8794,1982-03-16
766,Michaella,Foyster,096 Aberg Way,Newark,NJ,07104,765-68-4037,1996-07-29
768,Glynn,Tremathick,025 Almo Street,Laurel,MD,20709,840-41-3234,1998-11-09
770,Norrie,Trowle,54909 Artisan Junction,Abilene,TX,79605,792-18-3285,1981-10-03
772,Katuscha,Gwyllt,5 Veith Road,Murfreesboro,TN,37131,273-85-9808,1980-10-20
774,Isabel,Basire,56 Merry Avenue,Indianapolis,IN,46202,427-03-9841,1999-10-05
776,Peggy,Aldwick,96 Cherokee Terrace,Fresno,CA,93726,450-80-2006,1999-11-08
778,Currie,Moralas,4802 Brown Street,Glendale,CA,91210,621-21-6056,1985-02-03
780,Dinnie,Mickleburgh,69 Pond Junction,Omaha,NE,68105,366-04-8707,1998-07-04
782,Candida,Prosek,04 Larry Crossing,Los Angeles,CA,90025,296-09-1206,1992-09-21
784,Johnna,Parysiak,417 Mayfield Court,Anderson,SC,29625,425-39-2685,1982-08-20
786,Cletis,Pattullo,676 Lukken Road,Petaluma,CA,94975,524-85-7101,1985-06-09
788,Byram,Kirkham,9 Colorado Circle,Tampa,FL,33615,397-53-3678,1994-05-18
790,Lothario,Axford,4545 Sullivan Drive,Sunnyvale,CA,94089,733-92-8073,2000-04-07
792,Jacinthe,Dowty,7965 Caliangt Pass,Baton Rouge,LA,70894,436-39-9130,1981-04-25
794,Kari,Cromarty,47003 Bobwhite Road,Rochester,NY,14614,815-89-5099,1999-03-18
796,Erastus,Hallowes,69708 3rd Pass,Bozeman,MT,59771,618-36-4699,1991-06-15
798,Gretna,Yarr,19691 Old Shore Crossing,Clearwater,FL,34620,577-03-6453,1997-10-23
800,Morty,Foxworthy,7 Almo Pass,Huntington,WV,25775,303-13-4801,1998-06-20
802,Ketty,Baumaier,00 Loomis Park,Omaha,NE,68105,258-90-8854,1982-10-28
804,Denny,Form,0 Jana Court,Bonita Springs,FL,34135,438-58-8092,1984-05-18
806,Sayres,Gotthard.sf,34 Rigney Center,Roanoke,VA,24024,644-82-8237,2000-04-21
808,Marchelle,Denny,7509 Goodland Alley,Cleveland,OH,44105,272-67-4966,1991-07-05
810,Theodora,Shew,0767 Corry Avenue,Washington,DC,20337,674-85-9765,1991-09-02
812,Lucila,Gentzsch,299 Hintze Circle,Atlanta,GA,30343,391-79-2732,1980-09-22
814,Carlota,Boom,0546 Union Avenue,Los Angeles,CA,90094,422-87-9502,1980-11-03
816,Jessamyn,Blum,38197 Cherokee Place,Fresno,CA,93794,208-05-1771,1988-08-26
818,Celia,Berget,24356 Elmside Avenue,Miami,FL,33153,833-94-9187,1981-10-20
820,Clemmie,Jahns,7197 Iowa Way,Lexington,KY,40591,230-37-4892,1991-02-06
822,Jason,Ilem,941 Loeprich Trail,Newark,DE,19725,466-19-2153,1988-07-31
824,Koralle,Cordes,3 Sutherland Court,Charlotte,NC,28220,794-67-3788,1990-05-23
826,Jeffy,Skippen,7 Maryland Road,Tempe,AZ,85284,449-68-4916,1981-07-23
828,Ettore,Lowth,4885 Dayton Place,Trenton,NJ,08650,234-58-0948,1992-06-25
830,Clem,Episcopio,43495 Summit Trail,Boise,ID,83757,766-63-1630,1983-06-28
832,Tyrone,Rendell,94373 American Ash Alley,Dallas,TX,75236,280-88-2684,1981-06-12
834,Everett,Piotrowski,041 Monica Parkway,Washington,DC,20046,551-58-2787,1983-03-08
836,Gordon,Drysdall,85379 Anhalt Road,Dulles,VA,20189,593-86-9323,1992-10-15
838,Carling,Maulin,35 Fairview Park,Seattle,WA,98109,557-98-6956,1993-10-30
840,Rosabel,Wren,42610 Maple Wood Place,Rochester,NY,14604,691-76-9661,1982-10-31
842,Barth,Marflitt,647 Ramsey Crossing,Glendale,AZ,85305,535-01-1817,1988-12-02
844,Whitby,Mulliner,81 Jenifer Hill,New Orleans,LA,70183,720-52-1263,1987-09-19
846,Bob,Doneld,12 Dixon Plaza,Jacksonville,FL,32259,707-55-2659,1985-09-23
848,Bailey,Towell,15 Declaration Alley,Buffalo,NY,14276,662-06-1214,1981-07-30
850,Sheba,Gilardone,1 Laurel Junction,Grand Junction,CO,81505,838-17-0889,1981-04-19
852,Maren,Stollen,97 Crownhardt Point,Minneapolis,MN,55412,433-48-5414,1987-04-18
854,Towney,Drinkwater,0557 Susan Lane,Grand Rapids,MI,49560,631-42-6359,1992-12-24
856,Fayre,Duly,1 Graedel Crossing,Pittsburgh,PA,15240,205-49-2690,1984-06-05
858,Alberto,Dumberrill,8294 Bluejay Way,Lafayette,LA,70505,474-77-9150,1989-04-07
860,Shurwood,Beert,18760 Dryden Street,Lubbock,TX,79491,546-94-9189,1996-10-17
862,Rosana,Starford,1 Morningstar Point,Greeley,CO,80638,761-78-3695,1993-02-13
864,Iver,Maudsley,8 Crescent Oaks Drive,Las Vegas,NV,89105,422-03-1964,1980-10-22
866,Blinni,Rapier,1 Daystar Place,Ashburn,VA,22093,311-53-6396,1980-12-21
868,Eran,Brimblecombe,849 Westerfield Point,Eugene,OR,97405,775-75-5172,1984-01-13
870,Rivkah,Dwelling,1 Mallory Drive,Riverside,CA,92519,817-25-7311,1981-09-05
872,Krishnah,Saipy,92 Harbort Pass,Glendale,AZ,85311,716-84-7422,1997-08-01
874,Phebe,Astling,170 Briar Crest Trail,Minneapolis,MN,55417,890-82-2607,1998-03-31
876,Job,Choldcroft,574 Harbort Drive,Indianapolis,IN,46254,596-95-4708,1986-07-14
878,Cornela,Karlowicz,44 Grover Way,Philadelphia,PA,19178,304-80-2141,1980-07-30
880,Stanislaus,Machel,46 Michigan Place,Anchorage,AK,99507,743-53-3764,1985-05-21
882,Maison,Snarr,279 Fremont Road,Birmingham,AL,35285,870-92-9796,1992-01-29
884,Ashely,Dand,84147 Mendota Way,Salt Lake City,UT,84199,791-72-2657,1987-11-05
886,Ingamar,Chisholme,8 Walton Court,Roanoke,VA,24014,676-14-9269,1992-11-19
888,Olympe,Knuckles,74 Canary Way,Dallas,TX,75210,464-19-7051,1980-07-30
890,Berkly,Falks,01731 Fremont Point,Dayton,OH,45414,371-61-1002,1981-09-16
892,Jeana,Readman,43663 Nova Parkway,Lubbock,TX,79415,424-37-4899,1982-03-17
894,Janice,Ortet,01 Eastlawn Point,Scottsdale,AZ,85260,661-43-1354,1982-08-31
896,Bernhard,Mongenot,8 Mayfield Alley,Fort Wayne,IN,46825,854-20-7524,1989-04-07
898,Margarita,Gelletly,2 Grover Hill,Eugene,OR,97405,415-70-8470,1996-11-14
900,Fedora,O' Sullivan,95425 Oriole Way,Evansville,IN,47737,450-22-7886,1991-08-06
902,Sayre,Kohen,593 Westend Point,Washington,DC,20310,887-62-6754,1999-05-27
904,Hebert,Harp,417 Dixon Parkway,Brooklyn,NY,11241,626-46-8003,1985-10-22
906,Teresa,Clemendet,88724 Heffernan Plaza,Portland,OR,97240,546-63-7547,1987-09-07
908,Erik,Juliano,59985 Starling Terrace,Los Angeles,CA,90076,659-98-9550,1981-08-17
910,Boycey,Ladbury,87819 Waxwing Junction,Brockton,MA,02405,878-73-1417,1983-08-23
912,Vitia,Grieves,8 Texas Junction,Mobile,AL,36689,228-45-4769,1997-02-19
914,Beverlee,Filyukov,77 Coleman Drive,Canton,OH,44710,361-50-1823,2000-03-05
916,Liz,Donner,383 Johnson Circle,Delray Beach,FL,33448,262-72-5733,1991-03-20
918,Alex,Alennikov,9 Sutherland Terrace,Grand Rapids,MI,49518,716-22-7300,1994-09-10
920,Charlie,Kneal,8 Spenser Way,Denver,CO,80262,364-83-9637,1995-01-28
922,Rance,Penley,15 Buena Vista Road,Cleveland,OH,44130,542-54-2272,1997-07-23
924,Jaymee,Bulpitt,7 Kennedy Lane,Baltimore,MD,21216,558-54-6499,1999-08-28
926,Pacorro,Fransman,310 Spohn Junction,Albuquerque,NM,87110,756-01-4681,1984-11-26
928,Corenda,Ebben,142 Union Crossing,New Haven,CT,06533,227-07-3193,1983-09-22
930,Crissie,Camies,5 Sunnyside Plaza,Virginia Beach,VA,23464,120-93-2959,1986-01-08
932,Dunn,Brigge,22 Stang Lane,Gatesville,TX,76598,617-50-0456,1994-08-01
934,Loreen,Formigli,80840 Pepper Wood Trail,Baton Rouge,LA,70894,335-92-8754,1998-11-08
936,Agata,Harry,49 Morningstar Lane,Shreveport,LA,71130,284-91-9304,1982-09-26
938,Rainer,Records,1 Summerview Park,Jackson,MS,39236,704-48-2714,1992-02-25
940,Concordia,Munnery,6 Mandrake Center,Tyler,TX,75710,810-15-7575,1989-03-08
